prodName,category,description
더 케이지 이즈 룩킹 포 어 버드,null,null
조안 바에즈 아이 엠 어 노이즈,null,null
바로잉 어 패밀리 앨범,null,null
어 노크 온 더 도어,null,null
아이 시크 유어 헬프 투 버리 어 맨,null,null
원스 어폰 어 타임 데어 워즈 어 맘,null,null
마더 저스트 어 스마일,null,null
퍼스트 에이지,null,null
어 플라워 인 어 포그라이트,null,null
어 필드 가이드 투 코스탈 폴티피케이션스,null,null
올모스트 엔타이얼리 어 슬라이트 디제스터,null,null
"올 트레이스 이즈 곤, 노 클라무어 포 어 키스",null,null
스프라웃 오브 어 드래곤스 티스,null,null
온 어 베어 락 바이 디 오션 유 윌 네버 히어 애니띵 벗 벌드 후즈 크라이즈 블렌드 위드 더 사운드 오브 윈즈,null,null
노츠 온 어 썸머,null,null
스위밍 인 어 씨 오브 트라우마,null,null
스피치 포 어 멜팅 스테츄,null,null
투모로우 이즈 어 롱 타임,null,null
더 마운틴,null,null
더 롱 보야지 오브 더 옐로우 버스,null,null
어 그레이하운드 오브 어 걸,null,null
쓰라이빙: 어 디소시에이트 레버리,null,null
웬 어 로켓 시츠 온 더 런치 패드,null,null
어 골든 라이프,null,null
어 우먼 인 마쿠에니,null,null
어 카인드 오브 테스터먼트,null,null
잇츠 어 데이트,null,null
어 러브 레터 투 플라스틱,null,null
투 스틱스 온 어 보드,null,null
어바웃 서티,null,null
웨이드 인 더 워터: 어 저니 인투 블랙 서핑 앤 아쿠아틱 컬처,null,null
디스 이즈 낫 어 하우스,null,null
우리 집에 유령이 산다,null,null
걸 인터넷 쇼: 어 카티 켈리 믹스테잎,null,null
블루프린트 오브 어 플레져 머신,null,null
탄생,null,null
더 킬러: 죽어도 되는 아이,null,null
엔시티 드림 더 무비 : 인 어 드림,null,null
체리마호: 30살까지 동정이면 마법사가 될 수 있대,null,null
"바르도, 약간의 진실을 섞은 거짓된 연대기",null,null
극장판 전생했더니 슬라임이었던 건에 대하여: 홍련의 인연편,null,null
통영에서의 하루,null,null
더 게임,null,null
데이 투 다이,null,null
관계의 일변,null,null
나이브스 아웃: 글래스 어니언,null,null
아동학대 자진신고 1년의 기록: 내 이웃의 아이,null,null
환상의 반딧불,null,null
Planet <b>A</b>,null,null
로봇이 아닙니다.,null,null
"졍서, 졍서",null,null
미스터 플라스틱의 하루,null,null
수라,null,null
낯선 사랑,null,null
할리우드 크리스마스,null,null
그대 어이가리,null,null
크리스마스 스토리 크리스마스,null,null
지금 이 순간에도,null,null
크리스마스 미스터리,null,null
나의 자리를 찾아서,null,null
오늘의 장내,null,null
"엄마, 영순",null,null
엄마도 꿈이 있단다,null,null
나는 코미디언이다,null,null
엄마는 권투선수,null,null
불 속의 연인: 카티아와 모리스 크래프트를 위한 진혼곡,null,null
일장춘몽,null,null
거대한 균열: 항손둥 동굴 이야기,null,null
온기 한 모금,null,null
꿈을 꾸었다고 말했다,null,null
미래를 향해 노래 부르는 소,null,null
로봇 소녀,null,null
아맨 어 맨,null,null
바다로 가는 종이배,null,null
민수의 정석,null,null
바다로 간 물고기,null,null
탕진,null,null
행진대오의 죽은 원혼들,null,null
잠자리 구하기,null,null
한때는 바다가 있었지,null,null
입 속의 꽃잎,null,null
폭풍 회고록,null,null
하얗고 하얀 날 ,null,null
아 에 이 오 우 - 사랑의 빠른 철자법,null,null
저녁의 어른들,null,null
투모로우 이즈 어 워터 필라스,null,null
새는 날아간다,null,null
꿈에서 들려온 목소리,null,null
서툰 연인들의 거친 연애담,null,null
오토라는 남자,null,null
적인걸 : 명신야연도,null,null
미래에서 온 추적자,null,null
아슬란을 찾아서,null,null
양치기,null,null
딜,null,null
강을 건너는 사람들,null,null
지나가는 구름,null,null
하나와 영오,null,null
사실 영화관엔 귀신이 산다,null,null
그저 그런 날이 있었을 뿐,null,null
작전,null,null
퍼펙트 페어링,null,null
고양이는 왜 고양이일까?,null,null
조용한 일,null,null
스크루지: 크리스마스 캐럴,null,null
마음의 심장,null,null
"파멜라, 러브 스토리",null,null
재즈맨 블루스,null,null
"어떤, 시작",null,null
알은 척 아는 척,null,null
인간이 싫다던 부모님 처음 인간 본 반응,null,null
냉장고를 끌고 다니는 여자,null,null
마디아 홈커밍,null,null
낙원에서 살아남기: 가족의 이야기,null,null
마음 속에 남는 사람,null,null
엄마의 산책,null,null
아폴로 10 1/2: 스페이스 에이지 어드벤처,null,null
환상특급,null,null
차가운 새들의 세계,null,null
다리 밑의 개,null,null
두 사람을 위한 식탁,null,null
동에 번쩍 서에 번쩍,null,null
어 스틸 스몰 보이스,null,null
어 러브 송,null,null
어 스트레칭 모먼트,null,null
다운튼 애비 2,null,null
어 라이징 퓨리,null,null
플래그,null,null
어 스토리 포 2 트럼펫츠,null,null
"라이프, 애즈 어 드림",null,null
어 카메라 온 마이 랩,null,null
어 구에라 피니타,null,null
어 싸우전드 앤 원,null,null
픽쳐 어 스크린,null,null
하르키우 뮤직 페스트 디드 해픈,null,null
&quot;쿠브르-페우&quot;.어 다이어리 바이 모니크 세인트-헬리어 (1940-44),null,null
어 커먼 시퀀스,null,null
어 리틀 러브 패키지,null,null
케이든스-어 테일 오브 페이퍼 앤 클로스,null,null
어 하우스 메이드 오브 스플린터스,null,null
에이.에스.엠.오탈,null,null
아이엠 어 버너,null,null
아이 폴 언 아이 (어 블라인드 히어로),null,null
스틸: 어 미카엘 제이. 폭스 무비,null,null
더 고스트 오브 사,null,null
포모 랜드 백: 어 프레이어 프롬 더 포레스트,null,null
"씨 유 프라이데이, 로빈슨",null,null
킬링 오브 어 저널리스트,null,null
어 레터 투 마이 코치,null,null
"요시, 리그렛풀 스파이",null,null
"월터 허스, 어 뮤지컬 저니",null,null
어 데이트 위드 키노 레드필드,null,null
어 롱 저니 홈,null,null
데어 이즈 어 스톤,null,null
어 베리 롱 지아이에프,null,null
라이크 어 피쉬 온 더 문,null,null
부부,null,null
왓 해픈 온 뉴 이어스 이브,null,null
5 드리머스 앤 어 홀스,null,null
앤 댄 데어 워즈 러브...,null,null
와서 직접 봐봐,null,null
앤 쏘 아임 엣 어 로스,null,null
"스루 어 쉬머링 프리즘, 위 메이드 웨이",null,null
투 킬 어 타이거,null,null
하우 투 세이브 어 데드 프렌드,null,null
파 쇼어,null,null
어 홀리 패밀리,null,null
어 프렌치 레볼루션,null,null
롬 아 라 메르세데스 푸르프레,null,null
어 테이스트 오브 웨일,null,null
"미우차, 더 보이스 오브 보사 노바",null,null
어 나이트 앳 더 시어터,null,null
어 헌드레드 플라워즈,null,null
어 피스 오브 스카이,null,null
752 이즈 낫 어 넘버,null,null
어 플레이스 오브 아워 오운,null,null
네거티브 패스,null,null
더 가디언즈 오브 리퓨즈. 어 쇼츠 히스토리 오브 러비시,null,null
어 빗 오브 라이트,null,null
오마주 듄 필레 어 손 페레,null,null
더 골든 에이지 - 어 필름 어바웃 유니온 카바이드 프로덕션스,null,null
로미 어 프리 우먼,null,null
판타지 인 어 콘크리트 정글,null,null
오피셜 필름 오브 더 올림픽 게임스 도쿄 2020 사이드 에이,null,null
웬 띵스 체인지,null,null
"라이츠, 우먼, 액션",null,null
플리즈 메이크 잇 워크,null,null
어 우먼,null,null
어 쇼트 스토리,null,null
벨키오르 - 저스트 어 와일드 하트,null,null
프렌즈 온 어 컨트리 로드,null,null
안나 카리나: 투 다이 포 어 해피 엔딩,null,null
어 샷 인 더 다크,null,null
빌리버 - 하우 투 셀 어 드림,null,null
리제너럴: 파시블 패스 온 어 데미지드 플래닛,null,null
디 아더 우먼,null,null
레터 투 마이 마더 포 마이 선,null,null
어 썬 인 더 나이트,null,null
테코하: 이미지스 폴른 프롬 어 스테이트 스캔들 - 롱 라이브 더 스터글 오브 더 인디저너스 피플,null,null
도그시터 (나우 댓 아이엠 어 고스트),null,null
꿈의 고향,null,null
원스 어폰 어 타임 인 카타르,null,null
어 룸 오브 원스 오운,null,null
토나라 카사,null,null
어 컨스피러시 맨,null,null
어 시밀러 맨,null,null
어 테일 오브 셰문,null,null
어 매터 오브 프린치플,null,null
비하인드 더 도어스,null,null
어 리얼리 배드 플레이스,null,null
파니 &amp; 로바 스틸 어 카,null,null
윤슬,null,null
안단카 - 더 인카운터스 앤 메모리즈 오브 베스 카발호,null,null
어 퍼펙트 데이 포 카리부,null,null
모범생 아논,null,null
벨 인 어 랜드 오브 원더스,null,null
"키친, 더",null,null
투 북스 앤 우먼 아이 씽,null,null
더 카오스 도터,null,null
자기만의 방,null,null
어 사우스 아시안 퀴어 팜플렛,null,null
어 페어웰 투 카인드니스,null,null
어 버스 드라이버,null,null
어 하우스,null,null
어 배스 인 마이 마더스 움브,null,null
하우 투 서바이브 어 팬데믹,null,null
아이 프로미스 유 어 롱 프렌드쉽,null,null
비트윈 더 콜로니 앤 더 스타스,null,null
행잉 바이 어 와이어,null,null
러브 윌 컴 애즈 어 포레스탈 파이어,null,null
저스트 비코즈 유 디딘트 필름 미 와일 아이 워즈 크라잉 잇 더즌트 민 유어 낫 어 필름메이커,null,null
베리얼 오브 라이프 애즈 어 영 걸,null,null
위 올 원트 어 플레이스 투 콜 아워 온,null,null
애프터 어 클리어링,null,null
어느 짧은 연애의 기록,null,null
웬 더즈 어 포레스트 비긴,null,null
쉬린 아부 아크레: 더 엑스트레이저디셜 킬링 오브 어 저널리스트,null,null
잇츠 낫 더 퍼스트 타임 위 파이트 포 아워 러브,null,null
노츠 포 어 필름,null,null
페어웰 투 어 게이머,null,null
어 우먼 이스케이프,null,null
파우스토 파우셋 인 더 헤드,null,null
올모스트 어 키스,null,null
더 어셈블리 - 브라질,null,null
"시스터머 내처레 - 오어, 어 메터포릭 매스터베이션 어바우트 맨즈 매직 온 매스터링",null,null
어 플라워 인 더 보이드,null,null
교토에서 온 편지,null,null
어 호프,null,null
침묵의 장소,null,null
투 브레이크 어 버터플라이,null,null
어 로스트 애스트로넛 앤 어 시티 오브 풋프린츠,null,null
어 라스 무제레스 드 에스파냐. 마리아 레자라가,null,null
리턴 투 서울,null,null
이프 유 알 어 맨,null,null
프롬 아워 사이드,null,null
괴인,null,null
노 미레스 어 로스 오조스,null,null
어 트랜션트 테이스트,null,null
어 롱 브레이크,null,null
어 가자 위캔드,null,null
낫띵 홀리어 댄 어 돌핀,null,null
이츠 어 크라운스 라이프,null,null
러빙 마사,null,null
어 컵 오브 커피 앤 뉴 슈즈 온,null,null
하운티드 호텔: 어 멜로드라마 인 어그멘티드 리얼리티,null,null
어 소드 스테이트,null,null
리투얼 포 어 다잉 플래닛,null,null
셀프 포트레이트 애즈 어 커피 팟,null,null
어 쿨러 클라이메이트,null,null
어 심포니 포 어 커먼 맨,null,null
더 스카이 이즈 스퀘어,null,null
어 섀도우 팔로잉 더 라이트 인 더 리틀 도쿄 리버,null,null
"어 킹, 게이징 앳 더 씨",null,null
메모리즈 오브 어 사운디드 패스트,null,null
한 남자,null,null
"머니, 프리덤, 어 스토리 오브 씨에프에이 프랑",null,null
레터 투 어 피그,null,null
어 리틀 프레이어,null,null
어 가이드 폴 웬 이미그랜츠 비컴 앤세스터스,null,null
리-멤버링: 메디테이션 온 어 트립틱,null,null
어 나이트 위드 무시나,null,null
어 스트레치 오브 타임,null,null
어 크리앙카,null,null
더 미스터리어스 어페어 앳 스타일스,null,null
어 롱 마치,null,null
오모이야리: 어 송 필름 바이 키시 바시,null,null
어 폴디드 오션,null,null
어 랏 오브 낫띵,null,null
어 젠틀 스피릿,null,null
어 라이트 네버 고즈 아웃,null,null
어 웨이 투 비,null,null
킬링 어 트레이터,null,null
어 폴가튼 맨,null,null
하트비트 오브 어 네이션,null,null
바모스 아 라 플레이아,null,null
아이 워크 업 위드 어 드림,null,null
쓰리 타이디 타이거스 타이드 어 타이 타이터,null,null
어 플레이스 투 고,null,null
S.Q.<b>A</b>.G. (쇼츠 콰이어트 아시안 걸),null,null
어 디프런트 플레이스,null,null
"어 웜, 왓에버 윌 비, 윌 비",null,null
더 트리,null,null
어 로버스트 하트,null,null
아 롬브르 라프레-미디,null,null
언 엘리펀트 온 어 스파이더 웹,null,null
어 고트스 스펠,null,null
어 룰러바이 포 옐로우 로지스,null,null
더 이어 오브 더 라디오,null,null
어 데드 메리지,null,null
어 롱 쇼트 웨이팅 스토리,null,null
어 브리프 히스토리 오브 어스,null,null
라스 비지탄테스,null,null
이즈 데어 어 파인 온 더 마운틴,null,null
어 스텔라 베케이션!,null,null
어 마우스풀 오브 페트롤,null,null
어 리엔,null,null
어 사일런트 게이즈,null,null
어 발라드,null,null
미숀 어 마르테,null,null
카나발: 어 피플스 히스토리 오브 헤이티 인 식스 챕터스,null,null
더 라이프 오브 어 스노우플레이크,null,null
앤 더 버츄 오브 어 로투스 플라워,null,null
쉘 아이 콤페어 유 투 어 썸머스 데이?,null,null
갓 이즈 어 비틀,null,null
레저 타임 - 어 썸머스 데이,null,null
어 피스 오브 프리덤,null,null
메이크 어 갓,null,null
에빅티드! 어 모던 로맨스,null,null
락스 인 윈들레스 와디 ,null,null
바스 어 설 미 메모리아 시엠프레,null,null
하우 데어 유 해브 서치 어 러비쉬 위시,null,null
비잉 인 어 플레이스 - 어 폴트레이트 오브 마가렛 타이트,null,null
쓰리 나이츠 어 위크,null,null
어 저니 위드 마이 대드,null,null
하우 투 블로우 업 어 파이프라인,null,null
디스 윌 낫 비 어 페스티벌 필름,null,null
소서리,null,null
버터: 어 러브 스토리,null,null
원 인 어 밀리언,null,null
어 포린 송,null,null
더 리버 이즈 낫 어 보더,null,null
어 컴페니언 포 아마추어 시네마토그래퍼스: 볼륨. I,null,null
어 마노 아르마다,null,null
노 고스트 인 더 모그,null,null
어 드리프팅 업,null,null
어 뷰티풀 와일드플라워 미도우,null,null
어 미싱 스토리,null,null
"어니스트 앤 셀레스틴, 어 트립 투 기브레티아",null,null
윙스 포 어 프렌드,null,null
샐리 레프트 아웃 오브 어 윈도우 라스트 나이트,null,null
아 라 비에 어 라모어,null,null
라이프 이즈 (낫) 어 게임,null,null
어 마이너,null,null
어 하우스 위드 노 네임,null,null
포 히 후 웨어스 더 씨 라이크 어 말로,null,null
폴링 인 러브 위드 에이#,null,null
인 어 랜드 댓 노 롱거 이그지스트,null,null
어 위너,null,null
어 테일 오브 투 시스터스,null,null
어 후이 호우 (언틸 위 밋 어게인),null,null
스차치튼 - 어 리트리뷰션,null,null
오라 토카 아 노이 - 스토리아 디 피오 라 토레,null,null
어 논코포미스트,null,null
어 브라더 스토리,null,null
리플렉션스 오브 어 브로큰 메모리,null,null
어 테일 오브 투 시스터즈,null,null
어 번치 오브 아마추어,null,null
"더 프러블스, 어 더블린 스토리",null,null
어 헌드레드 빌리언 키,null,null
에이비식스 : 테이크 어 챈스,null,null
레저 타임 - 어 썸머즈 데이,null,null
스터디 오브 어 파이트,null,null
자드 - 왓 어 뷰티풀 모먼트 투어,null,null
어 베리 프레글 띵,null,null
에바 - 어 비주얼 에세이 온 더 피메일 바디,null,null
션 &amp; 더 램블링스 오브 어 스컬프터 아티스트,null,null
어 쿼터 패스트 쓰리,null,null
해브 어 굿나잇,null,null
화이트 호스,null,null
"젠더 아웃라우, 어 바디서핑 스토리",null,null
레퀴엠 포 어 웨일,null,null
"소녀, 소년 그리고 로봇",null,null
어 우먼,null,null
빅 워터 써머: 어 크리에이션 스토리,null,null
나는 말이다,null,null
어 테일 오브 필리피노 바이올런스,null,null
어 베이스 포 아바,null,null
디 언버리드 사운즈 오브 어 트러블 호라이즌,null,null
"어 데이, 댓 이어",null,null
약간의 판타지,null,null
컨버세이션스 위드 어 코엘 버드,null,null
애즈 콰이어트 애즈 어 클라우드,null,null
어 쓰리썸 아더 타임,null,null
잇 테이크 어 빌리지...,null,null
락-어-훌라,null,null
픽스 애니띵,null,null
살아오름: 천년의 동행,null,null
위 해드 더 데이 본소어,null,null
어딘가에 있는 어디에도 없는,null,null
비커밍 어 티21 스윔 워리어,null,null
어 레터 프롬 헬가,null,null
매지컬 커레시즈 (마스터베이션: 어 쇼트 히스토리 오브 어 그레잇 타부),null,null
푸에르타 어 푸에르타,null,null
저스트 어 월드 - 프래틱 쿠하드,null,null
웬 바잉 어 파인 머더,null,null
이브가 노래하는 아담: 라이브 인 애니메이션,null,null
어 월,null,null
어 리틀 화이트 라이,null,null
티비에프씨유 &apos;어 플레이스 포 올 오브 어스&apos;,null,null
비르나 리시 - 라 도나 체 리눈시오 어 할리우드,null,null
꽃다발 같은 사랑을 했다,null,null
해피 뉴 이어,null,null
불도저에 탄 소녀,null,null
스페이스 잼: 새로운 시대,null,null
타다: 대한민국 스타트업의 초상,null,null
아이의 노랫소리를 들려줘,null,null
신 에반게리온 극장판,null,null
아이를 위한 아이,null,null
아-하: 테이크 온 미,null,null
팔마,null,null
극장판 마이 리틀 포니: 새로운 희망,null,null
파일럿: 배틀 포 서바이벌,null,null
포겟 미 낫-엄마에게 쓰는 편지,null,null
피어: 마지막 생존자,null,null
핑크 클라우드,null,null
척살소설가,null,null
나는 어떻게 슈퍼히어로가 되었는가,null,null
야쿠자와 가족,null,null
아수라발발타,null,null
클래식 호러 스토리,null,null
창애: 짐승 잡는 덫,null,null
쾌활한 소녀,null,null
러브 인 어 보틀,null,null
3000마일의 사랑,null,null
대명천군 금의위,null,null
우리 아빠는 소시지,null,null
금의위: 용의 비검,null,null
시대착오적 연대기 : 아시아 안팎의 항해,null,null
절해고도,null,null
좀 더 나은 세상을 만드는 법,null,null
조금만 더 오래,null,null
테러리스트,null,null
"문득, 향기가 나는 날엔",null,null
본 어 챔피언,null,null
한까치,null,null
신 천녀유혼 2: 원령대전,null,null
폴리 스타이린: 나는 클리셰다,null,null
아빠 무민의 모험,null,null
정글의 외침,null,null
끝까지 간다,null,null
저무는 마을,null,null
신천녀유혼: 인과연,null,null
언택트 시대에 은하계로부터 온 편지,null,null
곤충들의 정원,null,null
말 끌기 좋은 날,null,null
원스 어폰 어 타임 인 우간다,null,null
어 마우스풀 오브 에어,null,null
K-드라마에 빠진 <b>A</b>.I.,null,null
새처럼 자유롭게,null,null
저널 포 조던,null,null
"아마존, 마지막 숲 ",null,null
텔레마케터의 죽음,null,null
코펜하겐 스캔들,null,null
야쿠자 어쌔신,null,null
탱고가수 코르시니,null,null
R.I.<b>A</b>: 사이보그 그녀,null,null
자본주의에 대처하는 연인들을 위한 안내서,null,null
집이라 불리는 곳,null,null
가장 섬세한 사람,null,null
혼자가 아닌 세상의 루시엔,null,null
비 만들기 프로젝트,null,null
부유하는 욕망의 유령들,null,null
저스트 어 무브먼트,null,null
라이프 인 박스,null,null
거래,null,null
배달하는 삶,null,null
어느 유대인의 삶,null,null
창문없는 방,null,null
데자뷰 참고사항,null,null
게티이미지로 만드는 세계사,null,null
릴 전쟁: 샬랄,null,null
한 끗,null,null
아주 오래된 미래도시,null,null
새우국수와 꿈,null,null
"강은 흐르고, 굽이치고, 지우고, 되비춘다",null,null
해장,null,null
아일랜드: 사라진 아이들,null,null
플랜 <b>A</b>,null,null
시계공의 시간,null,null
어떤 영웅,null,null
건물은 무고하다,null,null
내가 모르는 특정한 중국,null,null
브릭스턴 테일,null,null
1급수 인간,null,null
손오공: 더 파이널,null,null
버킷,null,null
기억의 숨결,null,null
열대소년,null,null
발다우라: 친환경적인 격리 생활,null,null
랭스로 되돌아가다 (단편들),null,null
쓰촨의 신-신 극단,null,null
가만히 서 있는 소녀,null,null
파울루 호샤에 대하여,null,null
"물, 한 모금",null,null
빌뉴스의 시간,null,null
파리의 책방,null,null
국수한관이산이넘어갔네,null,null
키스반 양념반,null,null
친구에게 양보!,null,null
수리퇴마반,null,null
전장의 <b>A</b>.I.,null,null
투 킬 더 비스트,null,null
"생, 가(歌)",null,null
창가로 나온 사람들,null,null
뾰족구두: 핑크 가족의 비극,null,null
내 친구 라이카,null,null
불타는 초상,null,null
블룸 업: 스와핑,null,null
니가 일주일 넘게 연락이 없어서,null,null
빌리 아일리시: 조금 흐릿한 세상,null,null
꽃을 따는 것,null,null
생존자들: 더 레스큐,null,null
죽음을 운반하는 자들,null,null
상담,null,null
장갑을 사러,null,null
문빵구3 - 눈치가 빨라지는 무선 이어폰,null,null
지하철 같은 사람이 좋아요,null,null
잿빛 하늘 아래에서,null,null
좋은날,null,null
그 여름의 일주일,null,null
버진 블루,null,null
돌꽃,null,null
크리스마스로 불리는 소년,null,null
산림 속 짧은 모험,null,null
마카사르는 축구 팬들의 도시입니다,null,null
파란 거인,null,null
집 같은 곳,null,null
햄스터 죽이기,null,null
군복을 훔친 할아버지,null,null
록향,null,null
할머니는 채식주의자,null,null
버닝 호프,null,null
예행 연습,null,null
순자와 이슬이,null,null
밴드의 탄생,null,null
깃털처럼 가볍게,null,null
뭘 해도 애매한,null,null
여인과 사자,null,null
뼈 깨물기,null,null
"가열 79번, 반딧불",null,null
산불,null,null
빌어먹을 인생,null,null
히든 플레이스,null,null
잠시 꺼두셔도 좋습니다,null,null
최선의 삶,null,null
외국 즙물 좀 먹은 아줌마,null,null
이 얼마나 아름다운 세상인가,null,null
어 캅 무비,null,null
어 스트랜드 오브 리그렛,null,null
"데스 오브 어 버진, 엔드 더 신 오브 낫 리빙",null,null
올모스트 어 이어,null,null
쓰리 미닛 - 어 렝서닝,null,null
더 라이트 타임,null,null
투모로우스 인 어 퓨 아워스,null,null
레서 오브 투 이블스,null,null
어 데이 아웃,null,null
어 필름 어바웃 어 푸딩,null,null
스토리 오브 어 스티링 휠,null,null
어 소프트 러브,null,null
스페이스 이즈 콰이트 어 랏 오브 띵스,null,null
야 본 ?,null,null
하루에 만난 사계절,null,null
애프터 어 레볼루션,null,null
어 패밀리 포트레이트,null,null
헤 카우 히히 아 하이 이아카,null,null
어 닉네임,null,null
순-투-비 어 좀비,null,null
피쉬폰드: 로코 아이아,null,null
유 콜드 포 어 플럼버?,null,null
어 위스퍼 인 더 아일랜드 오브 더 하트,null,null
플러커링 고스트 오브 러브스 곤 바이,null,null
몬탠드 에스트 어 누스,null,null
"부뉴엘, 어 설리얼리스트 필름메이커",null,null
"노티 인 비앙코, 바시 어 콜라지온",null,null
프롬 웨어 데이 스투드,null,null
<b>A</b> HORSE WITH <b>A</b> HORN,null,null
대리석 오디세이,null,null
어 롱 프로트랙티드 씬 오브 언 엑시던트,null,null
"할렐루아:레너드 코헨, 어 저니, 어 송",null,null
어 크리터 페이블,null,null
더 홈 프론트-어 저니 인 이탈리 위드 도미니코 퀴리코,null,null
어 파트 오브 더 써클,null,null
소울 오브 어 비스트,null,null
어 샷 오브 호프,null,null
커밍 아웃 위드 더 헬프 오브 어 타임 머신,null,null
더 데이 아이 파운드 어 걸 인 더 트레쉬,null,null
노이즈 심포니,null,null
칸탄 히레루 &amp;#8211; 어 블랙 스미스스 송,null,null
프랑스에서,null,null
어 크로스 인 더 데저트,null,null
칸탄 히레루 &amp;#8211; 어 블랙 스미스스 송,null,null
프랑스에서,null,null
어 크로스 인 더 데저트,null,null
노마드: 어 라이프스 저니 쓰루 캘리포니아 커렉션스,null,null
어 페어리테일 테일,null,null
어 저먼 파티,null,null
"터닝 테이블스: 쿠킹, 서빙, 엔드 서바이빙 인 어 글로벌 팬데믹",null,null
라보베스토 - 오어 하우 아이 세이브드 어 몬스터,null,null
비너스 애즈 어 보이,null,null
어바웃 존,null,null
어 데이 앳 더 비치,null,null
키아라,null,null
노 플랜 <b>A</b>,null,null
어 스토리 오브 원스 오운,null,null
어 맨 트렘블스,null,null
어 데이 인 더 라이프 오브 어 테디 베어,null,null
아이 해드 어 콤래드,null,null
블랙 뷰티: 포 어 샤머닉 시네마,null,null
레이징 어 스쿨 슈터,null,null
7 P.M. 온 어 선데이,null,null
어 싸우전드 파이어스,null,null
리플렉션: 어 워크 위드 워터,null,null
어 롤링 스톤,null,null
더 스토리 오브 필름: 어 뉴 제너레이션,null,null
더 인페르날 머신,null,null
더 스토리 오브 마이 와이프,null,null
미스터 스팸 겟츠 어 뉴 햇,null,null
데프 애즈 어 포스트,null,null
스컬 2: 어 베리에이션 오어 더 워즈 투 컴,null,null
침묵 속의 아이,null,null
어 스몰 포춘,null,null
웰컴 투 스페인,null,null
어 레터 투 아&apos;마,null,null
빌딩 어 브릿지,null,null
어 리틀 이탈리안 베케이션,null,null
어 초이스 오브 웨폰스: 인스파이어드 바이 고든 파크스,null,null
로드러너: 어 필름 어바웃 안소니 부르뎅,null,null
웬 어 팜 고즈 어플레임,null,null
어 프리 런,null,null
어 싸우전드 사이프레시스,null,null
트립 투 산타렘,null,null
어 맨 인 더 라이트 오브 히스 쉐도우,null,null
퓨처 이즈 어 론리 플레이스,null,null
썸타임즈 인 더 다크,null,null
어 뱅큇,null,null
바딤 온 어 워크,null,null
아메리칸 배대스: 어 미챌 매슨 레트로스펙티브,null,null
포 어 플래시,null,null
어 피스 오브 아트,null,null
어 우먼 오브 노 임포턴스,null,null
겟 어 라이프,null,null
마담 파이러츠: 비커밍 어 레전드,null,null
어 프레젠트 라이트,null,null
어 맨 엔드 어 카메라,null,null
스플라이스 히어: 어 프로젝티드 오디세이 - 데이비드 토마스 트리뷰트 스크리닝,null,null
대드 갓 어 잡 인 마스,null,null
라이크 어 롤링 스톤: 더 라이프 &amp; 타임즈 오브 벤 퐁-토레스,null,null
원스 어폰 어 스크린: 익스플로시브 파라독스,null,null
<b>A</b>.I : 인공불멸,null,null
데스 오브 어 보이,null,null
어 나이스 빅 제로 포 유,null,null
모지카스 라스트 커스,null,null
어 데드 맨 캔낫 리브,null,null
무지의 밤,null,null
어 퍼펙트 러브 스토리 웨어 낫띵 고즈 롱 오어 더즈 잇...?,null,null
혐오의 스타,null,null
어 챗,null,null
원스 어폰 어 타임 인 유스카디,null,null
미세스 테일러 쇼 &amp; 텔 - 어 프린스 스토리,null,null
필름스쿨 오디세이,null,null
클라라 위드 어 머스터시,null,null
더 타임 오브 어 슬라임 몰드,null,null
다이애나 - 더 뮤지컬,null,null
데어 이즈 어 보더 인 마이 백야드,null,null
심플 맨,null,null
피트니스! 오어 어 스토리 어바웃 스웻,null,null
아이 위시 더 월드 워즈 어 페이퍼 플레인,null,null
로사 로세. 어 스페니쉬 시빌 워 엘레지,null,null
어 라 리체르체 달린,null,null
어 무빙 타켓,null,null
던야랜드 - 어 띠어리 오브 보어덤,null,null
후 위 아: 어 크로니클 오브 레이시즘 인 아메리카,null,null
서플라이 엔드 어 밀리언 타임즈 굿바이,null,null
어 퓨 마일스 사우스,null,null
어 래디컬 컴프로마이즈,null,null
코르시카의 여름,null,null
포레버 영 포레버 올드 - 어 러브 스토리,null,null
어 녹터널 롬,null,null
차 이야기,null,null
스칼파리. 어 센티멘탈 저니,null,null
투 피시즈 앤 어 디쉬,null,null
어 댄서 다이스 트와이스,null,null
어느 날 난민이 전학을 왔다,null,null
딸과 케이크,null,null
에 노이 컴 스트론지 리마넴모 어 가드얼,null,null
사운즈 오브 타이완: 어 심포니 바이 바오 윤난카이,null,null
리스트 오브 어 라이프타임,null,null
원스 위 어  굿 포 유,null,null
말디타. 어 러브 송 투 사라예보,null,null
어 샌드 온 더 시플로어,null,null
어 리얼리 다크 코미디,null,null
어 사운드 오브 마이 오운,null,null
나의 귀신이 있다,null,null
부서진 집,null,null
"베비아, 어 몽 슬 데서",null,null
어 퍼펙트 빈티지,null,null
더 커스,null,null
어 플랜트 인 더 디저트,null,null
브로큰: 어 락다운 스토리,null,null
진 스완슨: 위 니드 어 뉴 맵,null,null
쿠루피라 앤 더 머신 오브 더 데스티니,null,null
어 바싸 보세,null,null
어 뮐러 케 비베 트레스 비제스,null,null
어 와일드 페이션스 해즈 테이큰 미 히어,null,null
베이컨 앤드 더 보이즈 레이즈 어 플래그,null,null
핸드북 포 어 프리버리지드 유럽피언 우먼,null,null
어 비디오 세그먼트 프롬: 렐러티브 오디언스,null,null
더 버즈 플라이 투게더,null,null
블러바드! 어 할리우드 스토리,null,null
하우 두 유 메저 어 이어?,null,null
재즈 페스트: 어 뉴 올리언스 스토리,null,null
어 펜슬 투 더 주굴라,null,null
해피니스 이즈 어 저니,null,null
어 뉴 아파트먼트,null,null
해브 어 굿 썸머,null,null
아누비스 이즈 낫 어 도그,null,null
챈트 프롬 어 홀리 북,null,null
마사르 - 카민호스 어 메사,null,null
"잇츠 저스트 어 페이즈, 허니",null,null
어 브로큰 팬,null,null
더 사이클 클럽: 어 10-데이 호르몬 사파리,null,null
어 레스트 가이드 포 어 타이어드 나이지리안 아티스트,null,null
잇츠 어 플릭커링 라이프,null,null
어 킬러 시크릿,null,null
애프터 어 룸,null,null
어 휴먼 서튼티,null,null
더 퍼스트 데스 오브 조아나,null,null
어 블루 플라워,null,null
어 싸우전 카즈 앳 나이트 룩스 라이크 어 무빙 트레인,null,null
리틀 팔레스타인 (다이어리 오브 어 시즈),null,null
하프 어 라이트-이어,null,null
씽크 라이크 어 필름메이커,null,null
어 하이어 로,null,null
어바웃 어 홈,null,null
이프 레볼루션 이즈 어 시크니스,null,null
원스 어폰 어 타임 인 퀴즈카,null,null
제일 버드 인 어 피콕 체어,null,null
아다니아: 어 sci-fi 쇼트 필름,null,null
레이트 블루밍 인 어 론리 썸머 데이,null,null
미스 릴리안 - 모어 댄 어 프레지던트 마더,null,null
"츠무린, 프레젠팅 어 기프트 투 마스터 펀코로.",null,null
메시지 투 어 포스트 휴먼 어스,null,null
어 스컬,null,null
어 쉐어드 패스,null,null
더 커뮤니언 오브 마이 커즌 안드레아,null,null
인 어 걸스 암스,null,null
"푸른,",null,null
원스 어폰 어 타임 인 캘커터,null,null
손의 대화,null,null
어 우먼,null,null
어 시티 위드아웃 스카이,null,null
더 리틀 하우스 - 어 히스토리 오브 홈 앤 가든,null,null
위딘,null,null
더 헤일리 노션 오브 어 그린 애프터눈,null,null
포트레이츠 프롬 어 파이어,null,null
비잉 시지프스 포 원 세컨드 어 데이,null,null
"캔트 톡, 어 무비스 온",null,null
트레이스 오브 어 버터플라이,null,null
"비치, 어 디로거토리 텀 포 어 우먼",null,null
리빙 인 어 포스트카드,null,null
어 피죤스 송,null,null
어 싸우전 아워스,null,null
라이트 인 어 다크 하우스,null,null
워킹 프롬 파리 투 브레스트,null,null
브루노 레이달: 컨페션스 오브 어 머더러,null,null
어 컨트리 인 어 코너,null,null
쓰리 디서피어런스 앤 어 송,null,null
어 필름 어바웃 커플스,null,null
브레스 어 사이 오브 릴리프,null,null
어 뉴 윈드 블로우스,null,null
패킹 어 웨이브,null,null
엘.유.에이.,null,null
어 레인보우-컬러드 트립,null,null
포엠 포 어 디스턴트 빌리지,null,null
어 나이트 투 리멤버,null,null
온 디스 사이드 오브 더 트랙스,null,null
어 샷 스루 더 월,null,null
어 섹스플래네이션,null,null
데스티니 오브 어 범,null,null
어 하드 프라블럼,null,null
어 썸머 트립,null,null
어 핸드풀 오브 워터,null,null
리빙 인 어 팬데믹 위드 타입-1 다이어비티스,null,null
다이어리 오브 어 브라이드 오브 크리스트,null,null
어 뷰티풀 커스,null,null
투 걸스 엔드 어 보트,null,null
플리즈 리브 어 메시지 애프터 더 톤,null,null
어 리틀 하우스 인 애버딘,null,null
피플 위 컴 어크로스,null,null
어 우먼 후 액츠,null,null
어 맨 인 체인,null,null
어 세컨 라이프,null,null
투 비 어 퍼시픽 살몬,null,null
바모스 어 볼버노스 로코스,null,null
우드랜드스 다크 엔드 데이즈 비위처드: 어 히스토리 오브 포크 호러,null,null
온 어 뷰티풀 데이,null,null
어 피플스 라디오 - 발라드 프롬 어 우디드 컨트리,null,null
아이 워너 비 어 트리,null,null
앤디 &quot;어 독스 테일&quot;,null,null
루이즈 엣 라 레전드 뒤 서펜트 어 플룸즈,null,null
텔 미 어 메모리,null,null
어 데이스 워크,null,null
더 빌리지 디텍티브: 어 송 사이클,null,null
"맘, 왓츠 업 위드 더 도그?",null,null
블러드서커스,null,null
어 리틀 서커스,null,null
맨 위드 어 브룸,null,null
코르포 어 코르포,null,null
모놀로그 오브 어 힛 맨,null,null
악당들,null,null
어 메이드 베드,null,null
비기 : 할 말이 있어,null,null
라이크 어 맨,null,null
어 스트레인저 앳 더 퓨너럴,null,null
보이스 오브 카파아 타운,null,null
인 앤 아웃 어 윈도우,null,null
소,null,null
어 클라우드 소 하이,null,null
어 러블리 로얄 도그,null,null
어 드림 오브 호올니스 인 파트,null,null
오니파 파,null,null
어 맨 오브 더 피플,null,null
더 클로니클스 오브 어 마일들리 디스그런틀드 스페이스 레인저,null,null
왓 어 뷰티풀 웨딩,null,null
그랜마즈 브로큰 레그,null,null
기빙 벌스 투 어 버터플라이,null,null
아임 어 파그 4 유,null,null
댓 트리 리브즈 온: 어 필름 어바웃 테리 랫리프,null,null
마리아: 어 복서 드림,null,null
우당탕 마을: 여름휴가,null,null
방랑자의 고요한 지도,null,null
하이 애즈 어 카이트,null,null
아옹하스 - 어 위시 포 더 웨이브스,null,null
어 북 바이 이츠 커버,null,null
어 스터,null,null
마마 해즈 어 머스타시,null,null
행복한 선물,null,null
휴가 + 천막,null,null
플립 어 코인: 원 오크 록 다큐멘터리,null,null
퍼퓸 지니어스 &apos;디스크라이브 (<b>A</b>.G. 쿠크 리믹스)&apos;,null,null
킵 잇 어 시크릿,null,null
디올 &apos; 어 뉴 컨티넌트,null,null
빅 마우스 &apos;어 베리 빅 마우스 크리스마스&apos;,null,null
노르웨이안 어소시에이션 오브 더 블라인드 앤 파셜리 사이티드 &apos;헬프! 위 헤브 어 블라인드 페이션트&apos;,null,null
어 피오르 디 펠레,null,null
어 보이드,null,null
더 시즌 웬 아이 비케임 어 맨,null,null
"단편5 : 미지의 세계, 지구에서 만나요",null,null
단편3 : 삶은 아리송송 계란맛,null,null
콰이어트 플레이스 2,null,null
크루즈 패밀리: 뉴 에이지,null,null
울고 싶은 나는 고양이 가면을 쓴다,null,null
썸머 필름을 타고!,null,null
학교 가는 길,null,null
"내 어깨 위 고양이, 밥 2",null,null
퍼펙트 케어,null,null
스파이의 아내,null,null
극장판 소드 아트 온라인 -프로그레시브- 별 없는 밤의 아리아,null,null
정말 먼 곳,null,null
그녀가 사라졌다,null,null
휴가,null,null
파리의 인어,null,null
지니어스 독,null,null
소설가 구보의 하루,null,null
징글 쟁글: 저니의 크리스마스,null,null
다함께 여름!,null,null
나이스 걸 라이크 유,null,null
어 굿 맨,null,null
로스트 걸 &amp; 러브호텔,null,null
헤븐퀘스트,null,null
총을 들지 않는 사람들: 금기에 도전,null,null
라스칼라 갈라 콘서트: 별들을 다시 보려고,null,null
도둑냥,null,null
아 추,null,null
살아있는 시체들의 섬,null,null
패트리어트,null,null
솔져스 리벤지,null,null
로그 워페어 3 데스 오브 네이션,null,null
자기 앞의 생,null,null
더 바이블 브릭무비,null,null
그녀의 조각들,null,null
라이크 어 보스,null,null
우먼 온 더 브링크,null,null
막주기로 소문난 도쿄새댁,null,null
콩가루 모녀의 최후,null,null
"청산, 유수",null,null
금의위5-풍운제일검,null,null
쏠릴땐 옆집 벨을 누른다,null,null
금의위-무림천하,null,null
5월의 푸른 날,null,null
소총과 가방,null,null
디아스포라의 해안,null,null
캘러미티 제인,null,null
영원과 하루,null,null
두 개의 잊혀진 상자,null,null
가죽가방의 소녀,null,null
배달의 하이바,null,null
백조 공주 : 왕실 결혼식,null,null
노리개가 된 젊은 사모님,null,null
그라이아이: 주둔하는 신,null,null
극장판 요괴워치잼 요괴학원Y 고양이는 히어로가 될 수 있을까,null,null
해병 청계란,null,null
암탉이 울면,null,null
어 피쉬 스위밍 업사이드 다운,null,null
우린 일회용이 아니니까,null,null
상해풍운,null,null
유코의 평형추,null,null
나를 위한 요리,null,null
이젠 떠나야 해요,null,null
킬러 넥스트도어,null,null
해브 어 나이스 데이,null,null
총리 메르켈,null,null
라카에서의 9일,null,null
천녀유혼- 육도천서,null,null
동백정원,null,null
페럴 월드,null,null
"2023년, 흔한일상",null,null
스즈키 씨,null,null
할아버지 집에는 귀신이 산다,null,null
임계장,null,null
조용한 노래,null,null
뭐? 내가 목사랑 결혼했다고?,null,null
늑대인간 신부님,null,null
최단거리는 번거로워서3 - 낙화유수,null,null
최단거리는 번거로워서2 - 비와 소다수,null,null
별난TV백과 : 전국의 기인들을 찾아서! 제 617회: 괴짜 아저씨와 말하는 염소의 기묘한 동거,null,null
JR의 벽화 프로젝트,null,null
원스 어폰 어 타임 인 베네수엘라,null,null
연극하는 날,null,null
영화 같은 날,null,null
몽일장,null,null
최단거리는 번거로워서-누아르,null,null
최단거리는 번거로워서-블랑,null,null
산산조각난 집,null,null
완벽한 정상 가족,null,null
비행중에는 읽지 마세요,null,null
하이파의 밤,null,null
오페라의 밤,null,null
코비 브라이언트: 더 레전드,null,null
에드윈 드럼몬드의 꿈,null,null
공원일기,null,null
사랑과 욕망에 관한 이야기,null,null
두 개의 물과 한 개의 라이터,null,null
세상을 드는 소녀들,null,null
"인생, 그 여행길의 동무",null,null
나이트메어 위치,null,null
천 개의 상흔,null,null
숨어드는 산,null,null
안나 아초리의 노트 &amp;#8211; 시간 여행의 거울,null,null
여름 휴양지,null,null
열한 살,null,null
쿨한 사이,null,null
별도 좋은데,null,null
위험한 등반,null,null
빙벽에서 찾은 낙원,null,null
마라토너의 고백,null,null
흔한이름,null,null
그놈 이야기,null,null
한잔 하고 가시게,null,null
구원자,null,null
고양이도 왕을 볼 수 있다,null,null
미지의 사랑,null,null
쉐이킹 어 싱가포르 스피어,null,null
기억감정소,null,null
자장가를 불러줘,null,null
박쥐,null,null
의자가 된 할머니,null,null
맨발의 붓다,null,null
미용실 대선 토론,null,null
마이 리틀 레나타,null,null
한국에는 쥬라기 공원이 있다?,null,null
10만분의 1,null,null
누구나 비밀은 있다,null,null
수류,null,null
남자가 사랑할 때,null,null
크리스마스 선물,null,null
가족의 투시도,null,null
이별 사진,null,null
평행선 너머 바다,null,null
어느 시골소녀의 일기,null,null
애도의 휴가,null,null
"소원, 동전",null,null
한겨울 밤의 꿈,null,null
리틀 투 머치,null,null
말의 피는 사람보다 뜨겁다,null,null
위기 없는 세상,null,null
누가 영웅인가,null,null
자매들의 밤,null,null
모어 댄 저스트 어 데코레이션,null,null
로힝야를 거닐다,null,null
