prodName,category,description
[Sanrio] 칫솔 살균기,생활용품,null
[플로라] 2023 NEW! 원단이 좋은 이불커버와 차렵이불/담요,생활용품,null
"[스너글/무료배송] 새학기, 향기나는 사람으로 기억되는 법!",생활용품,null
[버니콘비니] 슬림티슈 6종세트,생활용품,null
"[산리오/헬로키티/디즈니] 사랑스러운 담요,슬리퍼,소품 모음",생활용품,null
[버니콘비니] 슬림티슈 (6종),생활용품,null
[마틸라] 먼지없는 침대패드 모음,생활용품,null
올챌린지 KF94 새부리형 황사 마스크 100매,생활용품,null
♥데코뷰♥ 귀염뽀짝+퀄리티까지 챙긴 발매트 모음전,생활용품,null
[모어모어] 따뜻 보들 귀요미 모어모어친구들 발매트 모음전,생활용품,null
[마틸라] 사계절 언제나 포근함! 차렵이불 모음,생활용품,null
TS 가드 KF94 새부리형 대형 마스크 화이트 100매,생활용품,null
산리오 여름 가벼운 논슬립 슬리퍼 사무실 캐릭터 귀여운 미끄럼방지,생활용품,null
국대도 안고자는 덕이쿠션♥ 귀여운 쿠션 모음,생활용품,null
내 꿀잠을 지켜줘! 쿠션&바디필로우 모음,생활용품,null
스너글 섬유탈취제 허거블 코튼 150ml 3개,생활용품,null
[마틸라] 마틸라의 감성  러그/발매트/가리개커튼 모음,생활용품,null
[데이니즈] 핑구 바디필로우,생활용품,null
피너츠 샤워헤드,생활용품,null
[더트웰브] Step2 토들러 파스텔 유아칫솔 12P 1-3세용 미세모,생활용품,null
메이딘 8COLOR 순면 트윌 누빔패드(SS)(Q)(K),생활용품,null
[ALL국내산]KF-94 2D 대형 황사마스크 100매(25매입x4),생활용품,null
스마일 플라워 소프트 발매트,생활용품,null
TS 가드 KF94 새부리형 대형 마스크 블랙 100매,생활용품,null
산리오 모찌모찌 시나모롤 쿠로미 페이스 쿠션 대형,생활용품,null
테리파머 160g 스탠다드 호텔수건 10장,생활용품,null
디저트 먼지없는 침대패드(SS/Q/K) 6종,생활용품,null
DONATDONAT 실리콘 칫솔걸이,생활용품,null
쿠션좋은 애니멀 커플 실내화 사무실 층간소음 거실화 5type,생활용품,null
모어모어 폭신 미니러그 미끄럼방지 발매트 3종,생활용품,null
[데코뷰] 집순이 필수템! 빵빵한 쿠션&방석 모음,생활용품,null
국내제작 물때 및 줄꼬임방지 항균 샤워호스,생활용품,null
뽀글이 곰돌이 후드 담요 입는담요 망토 블랭킷 3colors,생활용품,null
모어모어 랙돌 롱 털 발매트,생활용품,null
이즈체크 5COLOR 마이크로 누빔패드(SS)(Q),생활용품,null
심플 도톰 다용도 롱 발매트 50*180,생활용품,null
어린숨 엣지 산리오 마스크 새부리형 30매,생활용품,null
부드러운 스웨이드 반달쿠션 미용실쿠션 핸드폰 바나나 독서 쿠션,생활용품,null
푹신한 소파 쿠션 사무실 의자 인테리어 사각 방석,생활용품,null
세미 화이바 7종 먼지없는 차렵이불 단품 세트 (SS/Q/K),생활용품,null
아밀리안 자세 교정을 위한 3D 메모리폼방석,생활용품,null
퓨어썸 여행용 미니샤워기+여행용 퓨어필터(세디먼트/구연산),생활용품,null
컬러랜드 세미마이크로 차렵이불 단품 및 세트 SS/Q,생활용품,null
도즈 60수 고밀도순면 고정밴드 침대패드(SS/Q/K) 10종,생활용품,null
피너츠 스누피 원터치 쓰레기통 휴지통 원터치,생활용품,null
스테이 먼지없는 누빔매트리스커버(SS/Q) 8종,생활용품,null
오스템 쿨가글 쿨민트향 250ml x3개+쿨제로가글 자스민향 250ml x3개,생활용품,null
컴포트 올리브리프 방수 샤워커튼,생활용품,null
자가드 프리미엄 발매트(45X65) 17종,생활용품,null
[마틸라] 프리미엄 베개솜 과 이불솜 모음,생활용품,null
마이핫 주머니난로 90g (20개입/박스),생활용품,null
더 클래식 프리미엄 다운필 베개솜(50X70),생활용품,null
[아조나] 독일 국민치약 아조나 치약 25ml X 24개,생활용품,null
패피 그로밋 강아지인형 에어팟 키링 가방 키링 애착 인형 친구 선물,생활용품,null
귀여운 강아지 모찌쿠션 베개 인형 방석 3size,생활용품,null
[데코뷰] 보송보송 귀여운 양털&소프트퍼 실내화 모음,생활용품,null
♥데코뷰♥ 1+1특가 외! 퐁신퐁신 방석 모음전,생활용품,null
[주문제작]어린이집네임수건 요일수건세트-브라운,생활용품,null
"심플 멜로우 원터치&오픈형 슬림 휴지통 5L,10L, 20L",생활용품,null
홈구뜨 스크럽 루파 샤워타올+스텐집게 (천연 고급 이집트산),생활용품,null
DONATDONAT 베어 버블 디스펜서,생활용품,null
[유즈] 플레인 대방석 모듈쿠션세트 3컬러 택1 / 토퍼 대방석세트,생활용품,null
산리오 캐릭터 입체 목욕 가방,생활용품,null
스누피 KF-AD 국내 비말차단 일회용 덴탈마스크 50매,생활용품,null
짱구는못말려 짱구밴드(50매),생활용품,null
올인원 오리 웜핸드 쿠션 담요 핸드워머 블랭킷,생활용품,null
케어베어 튜브 슬리퍼 실내화 거실화 2색상,생활용품,null
[S급리퍼]이지케어 엘핀 단모 러그 6colors 4size,생활용품,null
"물로 빨아 더욱 사용이 간편한, 워셔블 러그 모음전",생활용품,null
불순물제거 필터(3개),생활용품,null
베이비 어피치 필로우,생활용품,null
2size 멍뭉 댕댕이 쿠션 방석 인형 애착 집들이 선물,생활용품,null
[CAS] 귀염뽀짝! 반전 매력 라인프렌즈 미니브라운 탕온계,생활용품,null
화이트프릴 의자방석 (솜포함),생활용품,null
스테이 먼지없는 홑매트리스커버(SS/Q) 8종,생활용품,null
디얼리빙 Y형 접이식 빨래건조대 중형,생활용품,null
호텔식 BATH 규조토 발매트,생활용품,null
스너글 초고농축 섬유유연제 허거블 코튼 1.8L 2개,생활용품,null
슬림 스윙 휴지통 20L,생활용품,null
[무료배송] 고밀도 5mm 극세사 겨울 담요 소형/대형/특대형/케이프,생활용품,null
아임리얼 스누피 언택트 새부리형 마스크 30매,생활용품,null
[쿠션/러그/쇼파패드] 이젠 봄 분위기로 거실 분위기 change!,생활용품,null
극세사 벨보아 대형 담요 블랭킷 싱글 노던라이트  (144*200),생활용품,null
마이 버디 발매트 04-07,생활용품,null
신짱구 덮는 젖소 침구세트 슈퍼싱글,생활용품,null
플라워 등받이 쿠션 좌식방석,생활용품,null
러브 파츠 슬리퍼 욕실화 (4type),생활용품,null
[BEST] 데코뷰 베스트 실내화 모음,생활용품,null
아가 욕실화 유아 어린이 슬리퍼 EVA 미끄럼방지 앞트임,생활용품,null
피너츠 샤워홀더,생활용품,null
마이멜로디 소프트성인욕실화(H763102)?,생활용품,null
Brunch Brother 발매트,생활용품,null
플랫화이트 선염 쿠션 쇼파 식탁 의자 카페 수험생 사무실 방석,생활용품,null
리틀레인보우 러그,생활용품,null
한스갤러리 모던 욕실 발매트 호텔 주방 화장실 현관 싱크대 발매트,생활용품,null
산리오캐릭터즈 2겹 미니 미용티슈(230매)X6팩,생활용품,null
글루바인 전자파안심 타이머 전기요 헤라 싱글,생활용품,null
당일출고 프리지아 발매트 주방매트 미니러그 반달 원형 2종,생활용품,null
[신상 타임세일] MD추천 원형러그 8종 모음,생활용품,null
에어라파 압축 고운 안개 미스트 분무기 300ml,생활용품,null
나이스 자수 타올 실내화,생활용품,null
씨에스리빙 프라템 스윙 종량제휴지통 원형 사각 10L,생활용품,null
카카오프렌즈 롤 티슈 케이스,생활용품,null
염소제거 필터,생활용품,null
리틀띵스 리빙러그 (사각),생활용품,null
"네이쳐 양모/타조 먼지털이개, 분무기 모음",생활용품,null
"[마틸라] 먼지없고 살랑살랑, 맞춤감성 가리개커튼",생활용품,null
이몽 닿자마자 차가운 듀라론 스노우 쿨 둥지 역류방지쿠션,생활용품,null
[원클릭풀세트] 클린 순면 60수 이불커버 풀세트 (SS/Q/K/EK),생활용품,null
소파커버 겸 스프레드 홑이불 피콕스윙,생활용품,null
[모모제작소]천연 쪽염색 산수화 삼베 가리개커튼 56x170,생활용품,null
루미 자동 센서 인테리어 휴지통 20L,생활용품,null
피너츠 샤워 기프트 세트,생활용품,null
송월 40수 호텔가운+ 랩 가운세트(더스트백포함),생활용품,null
패브릭 파티션 / 패브릭 가벽 L (145*200cm),생활용품,null
빈티지무드! 먼지없는 마이크로 체크 차렵침구(단품&세트),생활용품,null
바디랩스 높이조절 TPE 베개 에어큐브 AirCube Pillow,생활용품,null
forest 포토아트 생활방수 러그 카페트 4size,생활용품,null
필터샤워기 카카오 춘식이 완벽세트 [본품+샤워줄+필터1box],생활용품,null
히어데어 러그 발매트 (2종),생활용품,null
알러프리 항균 누빔 침대스커트 (SS/Q) 3color,생활용품,null
Natural Beige Check Bedrunner,생활용품,null
플랫화이트 삼각등받이쿠션 국내산 16colors 대형(70x70x30),생활용품,null
플랫화이트 삼각등받이쿠션 국내산 16colors 특대형(90x70x35),생활용품,null
[해피데이]KF94 넘버원지킴이 마스크 50매,생활용품,null
누구나 에코 코지 커튼,생활용품,null
생활백서 못없이 설치하는 암막커튼 풀세트 ver.4,생활용품,null
송월 조이풀 스누피 세면타월 7장,생활용품,null
누리베어 녹음 인형 말하는인형 트롬 곰인형,생활용품,null
스누피 휴대용칫솔살균기,생활용품,null
빛차단 암막커튼 조명이빛나는밤 130X230cm 디지털프린팅 긴창커튼,생활용품,null
[OYOY] 턱받이 2세트 (택1),생활용품,null
[무직타이거] 오스템 뷰센 더블와이드 칫솔 12입,생활용품,null
에스더버니 입는 후드 담요 [정품 망토 극세사 단추 똑딱이 블랭킷],생활용품,null
리틀위버 (Little weaver),생활용품,null
먼지없는 슬립푸 솔리드 사계절 차렵이불 (SS/Q) 5colors,생활용품,null
더블리 포코 피그먼트 워싱 순면 고밀도 60수 밴딩 침대패드 2size,생활용품,null
오스템 뷰센 더블와이드 광폭헤드 향균 칫솔 12입,생활용품,null
송월 스누피 유아용 후드 샤워가운 세트 1매,생활용품,null
미니멀 스트라이프 차렵이불 단품 및 세트 SS/Q/K/EK,생활용품,null
송월 스누피 반전 배색 160g 호텔수건 5장,생활용품,null
Warm Gray Pintuck Cushion,생활용품,null
더블리 에땅 양면 극세사 차렵이불 SS 베개세트,생활용품,null
머쉬멜로우 알러지케어 M2워셔 차렵이불(SS/Q/K) 6종,생활용품,null
버블폼 항균 차렵이불(SS/Q/K) 6종,생활용품,null
토파즈 바이오워싱 호텔 이불커버 단품 및 세트 SS/Q/K/EK,생활용품,null
리치앤홈 시원한 이글루 시어서커 토퍼 S 싱글,생활용품,null
콤마즈인 빨아쓰는 규조토 발매트 욕실 주방 화장실 매트,생활용품,null
코지베어 먼지없는 차렵이불 단품 및 세트 SS/Q/K,생활용품,null
바미블랑 심플 냉감 짱구 베개 어린이 신생아 유아 쿨링 태열베개,생활용품,null
덴탈형 KF94 마스크 대용량 100매입 대형 흰색 국산,생활용품,null
Romane 규조토 발매트 ver.2,생활용품,null
폼폼자수베개커버,생활용품,null
Fine Painting Cushion [2color] 50x50,생활용품,null
Regal_k 헤비트위스트 40X60cm,생활용품,null
베니스 부드러운 의료용 실리콘 샤워호스 색상추가 환경호르몬/물때/,생활용품,null
산리오 쿠로미 일회용 블랙마스크 중형 100매입,생활용품,null
산리오 시나모롤 일회용 화이트마스크 중형 100매입,생활용품,null
고급 호텔 샤워 목욕가운 부드러운 면 타올,생활용품,null
[스카이폴리오] 구름담요 2종 (극세사 겨울ver.),생활용품,null
[맞춤] 비침없는 파스텔 웨이브 아이방 쉬폰커튼 창문/작은창 커튼,생활용품,null
세이프 알러지케어 [라인리스] 무봉제 차렵이불 단품 및 세트 SS/Q/K,생활용품,null
카카오프렌즈 춘식이 얼굴 러그,생활용품,null
멜란지 워싱면 진그레이 침대스커트 (SS/Q),생활용품,null
샤워커튼 모로칸 타일,생활용품,null
[모모제작소]스위트 커피숍 북유럽 코튼 가리개커튼 104x109,생활용품,null
세척 편한 살균가습기 UV-C미니가습기 위에어 1+1,생활용품,null
보아르 워시스핀C 충전식 무선 욕실청소솔 화장실 바닥 전동 청소기,생활용품,null
게디 아이 오픈빈 휴지통 6L 2컬러,생활용품,null
[모던하우스] ON 스웰)체크 그린 알러지케어 싱글토퍼,생활용품,null
원터치 피코 분리수거함 4P(레터링 커버),생활용품,null
비비드 도트 미드센츄리 단모 러그 카페트,생활용품,null
라이프앤피시스 발매트 (4종),생활용품,null
스핀토네이도 핸드스핀 통돌이 회전걸레,생활용품,null
심플 메모리폼 키친 발매트 40*120,생활용품,null
몸에 착! 감기는 퓨어룸 러브미 부드러운 차렵이불 세트 SS/Q,생활용품,null
피너츠 샤워커튼,생활용품,null
춘식이 식빵 폭신 필로우,생활용품,null
Romane 호텔수건 3p 세트,생활용품,null
소프트메쉬 경추베개솜,생활용품,null
독일 프로쉬 섬유유연제 혼합세트(로즈2개+아몬드2개),생활용품,null
폼폼 마약베개커버,생활용품,null
대림바스 규조토 양면 발매트 + 미끄럼방지 패드,생활용품,null
세이브 M2 알러지케어 이불커버(SS/Q/K) 10종,생활용품,null
허그미 먼지없는 차렵이불(SS/Q/K) 8종,생활용품,null
[더블하트] 실리콘 유리젖병 240ml,생활용품,null
빨아쓰는 커브 경추 목 무중력 인생 맞춤 TPE베개,생활용품,null
호텔프랑스 프릴 세미 차렵이불(SS/Q/K) 5종,생활용품,null
[1+1] 체커보드 방석(솜포함) 4color,생활용품,null
내츄럴 뱀부 대나무 슬라이딩 빨래바구니,생활용품,null
스무스 10COLOR 마이크로 워싱 차렵베개세트(SS)(Q/K),생활용품,null
큐피드곰 러그(브라운/아이보리),생활용품,null
다이어리 바디필로우 커버 솜별도,생활용품,null
무타공 접착식 스텐 304 욕실 코너 선반 화장실 모서리 수납 정리대,생활용품,null
[더트웰브] 토들러칫솔 파스텔 12P+무불소 치약 세트,생활용품,null
이동식빨래바구니 수납형 더블와이드 3단A/B MW-DW03,생활용품,null
프랑코 페달형 분리수거함 3칸(60L)_(696328),생활용품,null
[더블하트] 스테인리스 빨대컵 (여우),생활용품,null
[더블하트] 실리콘 유리젖병 160ml,생활용품,null
무아 다이아 러그 카페트 (중형/대형/특대형) 6colors,생활용품,null
3size 2colors 엎드려베어 바디필로우 대형 애착 인형 쿠션 친구 선,생활용품,null
"꽃길만 걷길, 춘식이가 응원해요 쿠션",생활용품,null
리틀퍼피클럽 핫팩&파우치 세트_어피치,생활용품,null
1+1 지토스 자동차 허리쿠션 메모리폼 차량용 등받이 요추 등쿠션,생활용품,null
베니스 올 스테인리스 샤워 헤드 세균 제로 욕실 수압상승 절수 해바,생활용품,null
조각 가리개커튼 무어그래스 시리즈 3 colors,생활용품,null
[모던하우스] ON마리 이중레이스 암막커튼 창문형 화이트 140x180 2,생활용품,null
한일전기 양면 전기방석 밤하늘고래 2인용 그레이,생활용품,null
똑딱이 단추 학생 학교 사무실 망토 치마 어깨 담요,생활용품,null
포근한 야옹이 메모리폼 겨울 원형 털 방석 2color,생활용품,null
내츄럴 플라워가든 자수 가리개커튼,생활용품,null
세이브 M2 알러지케어 차렵이불(SS/Q/K) 10종,생활용품,null
에브리케어 핸드솝 300ml 2개,생활용품,null
빈티지 코튼 누빔 거실 실내화,생활용품,null
일본 타니타 디지털 온습도계 TT-572 / 실내 온도계,생활용품,null
체커보드 미드센추리 포인트 커튼 2size 2colors,생활용품,null
[벨라이프] 더 편하고 부드러운 소파패드,생활용품,null
뮤아 블랭킷,생활용품,null
스너글 섬유유연제 1.8L (허거블+스파클링+블루밍),생활용품,null
EveryYay 체커보드 슬리퍼_라이언&춘식이,생활용품,null
미니러그(발매트) 4종,생활용품,null
제이베럴즈 덴탈케어세트(칫솔8개+치약2개+혀클리너2개),생활용품,null
먼지없는 소파패드 4color / 2size,생활용품,null
멜란지 워싱 프릴 의자방석 (솜포함),생활용품,null
베이지 워싱 린넨 방석 (솜포함),생활용품,null
[1+1] 에피하임 꿀잠 메모리폼 베개,생활용품,null
고밀도 방수 토퍼커버 SS/Q/K,생활용품,null
스너글 초고농축 섬유유연제 스파클링 시트러스 1.8L + 1.5L 2개,생활용품,null
홈/회사/병원 어디든 편하게♡ 키높이쿠션 슬리퍼 모음,생활용품,null
스너글 섬유유연제 블루스파클 5L,생활용품,null
퓨어썸 여행용 미니 샤워기 (베이직 퓨어필터 1개 포함),생활용품,null
자동 클린 핸드워시,생활용품,null
스무스 마이크로 워싱 이불 겸 패드(단품&세트),생활용품,null
매일매일이 뽀송한 옷장용 제습제 400g 16개,생활용품,null
에어데이즈 KF-AD 비말차단 마스크 100매 대형,생활용품,null
플라워 레이스 광목 가리개커튼,생활용품,null
컴포트 다이아 사이잘룩 주방매트,생활용품,null
[기저귀케익] 크리미 파스텔_민트 (출산선물 백일 돌),생활용품,null
소소로운-뽀양이 털슬리퍼,생활용품,null
NEW 무드 가리개커튼(커튼봉증정) 10 colors,생활용품,null
gummy holiday 담요,생활용품,null
발매트 - 고영희 삼형제,생활용품,null
TS 가드 KF94 새부리형 대형 마스크 베이지 100매,생활용품,null
TS 가드 KF94 새부리형 대형 마스크 그레이 100매,생활용품,null
클리나 알루미늄 집게 청소 밀대걸레 핸디밀대/특대형+패드 1장,생활용품,null
[드림웍스] 슈렉x슈퍼스타 홈 슬리퍼,생활용품,null
테리파머 테리스페셜 200g 클라우스 일주일 호텔수건 7장 (리본포장),생활용품,null
나이스 소프트 주방매트,생활용품,null
모달프렌치 프리미엄 모달코튼 침대패드 (SS/Q/K/EK),생활용품,null
디저트 먼지없는 차렵이불(SS/Q/K) 8종,생활용품,null
스노잉래빗 프린팅 원형러그 (130cm),생활용품,null
라벤더가든 자수 가리개커튼,생활용품,null
소프트터치 순면 100% 항균 프리미엄 와플 수건 130g 5매,생활용품,null
매일매일이 뽀송한 스탠드형 제습제 150g 24개,생활용품,null
파스텔 먼지없는 차렵이불(SS/Q/K) 6종,생활용품,null
VER.2 대용량 트롤리 스윙 2단 빨래바구니,생활용품,null
[신상컬러] 내추럴 순면 고정밴딩 침대패드 (SS/Q/K/EK),생활용품,null
마일드 수피마 순면 매트리스커버 (SS/Q/K),생활용품,null
슈크림 고정밴드 침대패드(SS/Q/K) 3종,생활용품,null
나만 없어 강아지 코듀로이 벨벳 감촉 귀여운 댕댕이 쿠션,생활용품,null
한컴라이프케어 이지퓨어 황사방역용마스크 KF94 소형 화이트 50매,생활용품,null
원터치 원형 휴지통 10L,생활용품,null
에코빈 스텐 음식물 쓰레기통 5L,생활용품,null
스테이 먼지없는 침대패드(SS/Q/K) 8종,생활용품,null
블레오 북유럽풍 소파 커버 쇼파 커버링 담요 블랭킷 카우치,생활용품,null
스누피 컴포트 핏 2D 새부리형 국내생산 MB필터 컬러마스크(50매),생활용품,null
테리파머 와플 호텔 샤워가운 (4color) 리본선물포장,생활용품,null
테리파머 테리스페셜 175g 올리비아 호텔수건 일주일 수건 7장,생활용품,null
★특가★ No타공! 튼튼 압축봉,생활용품,null
MonagustA 실리콘 칫솔걸이,생활용품,null
"[무료배송] 추워진 날씨엔, 핫팩 모음전",생활용품,null
산리오 슬리퍼 거실실내화 층간소음 실내화,생활용품,null
데일리 핸드 타월 (5P),생활용품,null
데일리 애니멀 발매트 01-04,생활용품,null
DONATDONAT 베어 버블 미니 디스펜서,생활용품,null
MonagustA 쉐입 방석,생활용품,null
산리오 담요 후드 똑딱이 담요,생활용품,null
1+1 굿슬립 2COLOR 워셔블 릴렉스 베개솜(50X70),생활용품,null
dubu bag - rectangle / tissue case,생활용품,null
스누피 닥터클린 국내생산 3중 MB필터 블랙 화이트 덴탈마스크,생활용품,null
곰돌이러그 토끼러그 아기방 놀이방 매트 발매트,생활용품,null
내일의공간 튤립 등받이 쿠션 방석,생활용품,null
NO 타공 튼튼 압축봉 140-260,생활용품,null
타포린 분리수거함 세트 - 03 more slim (60cm),생활용품,null
마이 버디 핸드 타월 (5P),생활용품,null
유니크 블랙 다이아몬드 터프팅 러그 인테리어 카페트 3size,생활용품,null
little star black sleep mask,생활용품,null
3종세트 수압상승 절수 샤워기 샤워 호스 헤드 거치대,생활용품,null
요즘 대세! 자이언트얀 만두백 만들기 망고실/핸드니팅/빅얀,생활용품,null
케이블랑 방수 팔토시,생활용품,null
쿠로미 슬리퍼 [사이드],생활용품,null
심플 메모리폼 주방발매트(Large)50*80,생활용품,null
샤링 자수 레이스 원단 2color 6size,생활용품,null
북유럽풍 보태니컬 중문 주방 패브릭 가림막 커튼,생활용품,null
퓨어썸 컬러 튜브 샤워호스 7색(1.5M/2M),생활용품,null
사진 영화 느낌 프린팅 가리개 가림막 커튼 바란스,생활용품,null
오가닉 애착인형 완제품/DIY 애착인형 만들기 + 선물상자,생활용품,null
1+1 꽃모양 커튼 고정홀더 타이백 4color,생활용품,null
con check round sit cushion - 3color,생활용품,null
[보타디자인] 아트라인 접이식핸드워시백,생활용품,null
송월타올 스누피피너츠 캐릭터 핸드타올 고리수건 5장,생활용품,null
024홈 국민방석 메모리폼 차량 사무실 의자 방석 3cm,생활용품,null
히트템 레드 90g (20개입/박스),생활용품,null
노르디코 킨더 양치컵 칫솔케이스,생활용품,null
pvc방석 등산방석 사우나방석 접이식방석,생활용품,null
미엘 시그니처 100매 캡형 10팩,생활용품,null
[컨티뉴] 예술적인 내 담요! 명화 담요 모음전,생활용품,null
스너글 섬유탈취제 스파클링 시트러스 100ml 3개,생활용품,null
헬로키티 2겹 슬림티슈(60매) 6입X1세트,생활용품,null
[보타디자인] 아트라인 언더웨어파우치,생활용품,null
클라모프 원피스형 도톰 샤워 가운,생활용품,null
패턴시리즈 - 옥수수하모니카 (145X90cm),생활용품,null
check fabric book cover (6colors),생활용품,null
블랭크 선반덮개 / 거실장 커버  (RM 294001),생활용품,null
"코튼패브릭 :: 캣츠뷰티 (소폭 110X90cm, 1야드)",생활용품,null
[원단대통령]양기모 꽃나염 원단/대량가능/옷 제작/천/_(2427918),생활용품,null
내츄럴 트리밍 주방바란스 커튼,생활용품,null
케어베어 페이스 쿠션 (치어베어),생활용품,null
케어베어 애착 담요 (쉐어베어),생활용품,null
케어베어 애착 담요 (레인보우),생활용품,null
영이의숲-피치 베이비 꽃카 극세사 담요,생활용품,null
짱구 세모네모 메모리폼 푹신한 원형 방석,생활용품,null
토라진 팬더 양면 뒷모습 인테리어 빅사이즈  쿠션 53cm,생활용품,null
산리오 시나모롤 바스 타월(H591099),생활용품,null
[1+1] 데이데이 논슬립 원형방석 6type,생활용품,null
발매트 - 체리튤립,생활용품,null
솔트레인 투스브러쉬 극세모 칫솔 8종 세트,생활용품,null
스누피 프렌즈 패턴담요 극세사 70x100 고밀도 프란넬,생활용품,null
볼드 미드센츄리 쿠션커버,생활용품,null
누빔 미니 티슈케이스 3 color,생활용품,null
케어베어 도트물빠짐욕실화260(핑크)1336,생활용품,null
세미 마이크로 체크 바디필로우 U/L/I형 국산솜포함,생활용품,null
춘식이 칫솔꽂이,생활용품,null
공룡 죠르디 필로우,생활용품,null
방수 매트리스커버 단품 SS/Q/K/EK,생활용품,null
리넥 휴대용 선풍기 타프팬 전용케이스 가방 다용도파우치,생활용품,null
튤리 클린 클립 밀대걸레 청소밀대 집게형+ 극세사걸레 3장,생활용품,null
턴 티슈케이스_딥그린,생활용품,null
턴 티슈케이스_웜그레이,생활용품,null
[바이빔]북극곰 전기방석 [1인용],생활용품,null
모던 해리 방석(솜포함),생활용품,null
블레오 북유럽 냐옹 쇼파 캐릭터 소파쿠션,생활용품,null
[더블하트] 마그마그 PPSU 빨대컵 (프린세스),생활용품,null
초대형 오리 거위 인형 바디필로우 모찌 수면 쿠션 5size,생활용품,null
벨보아 이중원단 무릎담요 A Cloudy Day 줄리안 온더동크,생활용품,null
춘식이 미니 페이스 쿠션_서럽,생활용품,null
[교체필터] 퓨어썸 여행용 퓨어필터 2종 (세디먼트/구연산),생활용품,null
해피 슬라임 소프트 발매트,생활용품,null
모어모어 심플 라인 미니러그 발매트 2종,생활용품,null
[무직타이거] 오스템 뷰센 양치키트(H 40g),생활용품,null
미니스테어 PVC 러그 발매트 주방 쇼파 패드,생활용품,null
도라에몽 라인프린트쿠션 1,생활용품,null
미니 접이식 신생아욕조/아기욕조/유아욕조,생활용품,null
[모모제작소] 퓨어 설레임 북유럽 코튼 가리개커튼 88x103,생활용품,null
[자체제작] 당일출고 웨이브아트 발매트 주방매트 미니러그 4종,생활용품,null
[자체제작] 당일출고 페블 발매트 주방매트 미니러그 3 color,생활용품,null
당일출고 프렌치 주방매트 발매트 미니러그 4종,생활용품,null
당일출고 프렌치 발매트 주방매트 미니러그 원형 반달 8종,생활용품,null
미담 히알루론산 마스크팩마스크 반타블랙(25매),생활용품,null
얼씨톤 99.9% 항균 쇼파패드 3colors 3size,생활용품,null
산리오 캐릭터즈 2겹 데일리홈냅킨(130매) 6입X2팩(12개입),생활용품,null
산리오 폼폼푸린 바스 타월(H594526),생활용품,null
자이언트얀 빅얀 벨벳 망고실 가방 실 뜨개실 DIY 카세트백 키트,생활용품,null
스너글 초고농축 섬유유연제 허거블 코튼 1.5L 3개,생활용품,null
[S급리퍼]항균 캔디 단모 러그 10colors 6size,생활용품,null
은꽃레이스 바란스커튼 주방 가리개 가림막 패브릭 천,생활용품,null
데일리 먼지없는 세미마이크로 침대패드 (SS/Q/K),생활용품,null
큐브+체크+레일 면 가리개커튼 3장,생활용품,null
프리미엄 딥슬립베개 2sizes,생활용품,null
다용도 모던 접이식 스탠딩 빨래바구니 이동식 햄퍼,생활용품,null
[데코뷰] 기분전환 끝판왕 창문커튼/가리개커튼 모음,생활용품,null
"비비드한 컬러감, 물 잘 빠지는 욕실 슬리퍼 모음",생활용품,null
[더블하트] 마그마그 PPSU 빨대컵 교체용빨대&가스켓세트,생활용품,null
모아시스템즈 무소음 슬로우다운 변기커버 상부체결 특대형 변기시트,생활용품,null
모던 화이트 여행용 휴대용 칫솔 치약통 보관함 케이스,생활용품,null
컬러랜드 데일리 세미마이크로 패드 단품 SS/Q,생활용품,null
디즈니 토이스토리 랏소베어 미니마우스 캐릭터 귀여운 무릎 담요,생활용품,null
버터 자수 티슈케이스,생활용품,null
블레오 두꺼운 피크닉매트 레터링 매트 크로아상 방수돗자리 캠핑,생활용품,null
우드 가죽 휴지걸이 가죽 휴지케이스,생활용품,null
체크 면 마스크 스트랩_5컬러,생활용품,null
시크 워싱 프릴 베개커버[브라운,생활용품,null
VESKEN 삼각코너선반/3단선반/틈새선반/욕실선반,생활용품,null
시크워싱 베개커버,생활용품,null
[임박마감세일] 가글밤 뜯어쓰는 고체가글 (18정*4EA),생활용품,null
땡큐 라벤더 롤 화장지 두루마리휴지 3겹 30롤 2팩,생활용품,null
레노바 컬러티슈 6롤 컬러화장지 그린,생활용품,null
구디푸디 화이트 미니 책상 빗자루 세트,생활용품,null
★새해청소★ 밀레마 피코 터스터 먼지떨이,생활용품,null
[Sanrio] 산리오 시나모롤 대용량 핫팩 세트 (10매),생활용품,null
대형 창문 패브릭포스터 벽 가림막 커튼 가리개 150x130,생활용품,null
스너글 섬유탈취제 허거블 코튼 470ml 2개,생활용품,null
산리오 양치컵_시나모롤(H947658)*,생활용품,null
밀레마 피코 더스터 먼지떨이 숏핸들1P+리필23P 세트,생활용품,null
풍경 패브릭포스터 벽 가림막 커튼 가리개 소형 세로 해바라기 크리,생활용품,null
데일리 극세사 블랭킷(담요) 소형(135x80) 01-03,생활용품,null
타포린 분리수거함 세트 - 01 Little bird,생활용품,null
[mooas] 무아스 규조토 발매트 - DRY PAD,생활용품,null
체커보드 극세사 털슬리퍼 겨울 털실내화 3colors,생활용품,null
말랑말랑 메모리폼 원형방석 6color,생활용품,null
그로밋 강아지 극세사 털슬리퍼 겨울 거실화 털실내화,생활용품,null
라이프앤피시스 원형러그 v.2 (4종),생활용품,null
진짜 미니 돈방석 [돈 이벤트 부모님 환갑 용돈 현금 어버이날 방석],생활용품,null
[당일발송][BEST]말랑말랑 통굽 곰돌이 슬리퍼 사무실 실내화 실외화,생활용품,null
욕실 발매트,생활용품,null
미니언즈 무릎담요_BOB & TIM (PINK),생활용품,null
귀여운 고양이 강아지 욕실 주방 발매트 러그,생활용품,null
자동 센서 손세정기 주방세제 손세정제 디스펜서,생활용품,null
기하학 패턴 터프팅 발매트 인테리어 미니 러그 현관 매트 2size,생활용품,null
우드핸들 양모 먼지털이 (3size),생활용품,null
고온 워싱 모닝티 마이크로 소파패드 3인 4인 국내생산 제작,생활용품,null
산리오 시나모롤 U자형 메모리폼 목 베개 쿠션,생활용품,null
귀여운 카우 EVA 캐릭터 슬리퍼,생활용품,null
프리미엄 여행용 세면도구세트 분리형 보관케이스,생활용품,null
국산 3중 KF80 대형 100매 황사 미세먼지 차단 보건용마스크,생활용품,null
유디먼 원터치 화장솜 보관함 화장대 수납 정리함 디스펜서,생활용품,null
누구나 프리미엄 커튼봉 5사이즈,생활용품,null
TePe NEW 테페 컬러 칫솔 Color 3p (색상 랜덤),생활용품,null
모던 무지 스윙사각10리터 종량제 휴지통,생활용품,null
벨리곰 집순이 무릎 담요 1P,생활용품,null
곰돌이 체크 실내화 3중쿠션 미끄럼방지 슬리퍼 거실화 사무실,생활용품,null
무지모던 원터치 슬림 휴지통 10L / 20L,생활용품,null
스마일에그 자수 티슈케이스 2type,생활용품,null
워터플라워 린넨 쿠션커버 (네이비),생활용품,null
[자체제작] 당일출고 피너츠 발매트 주방매트 미니러그 원형,생활용품,null
강아지 고양이 반영구 돌돌이 털 제거 용품,생활용품,null
호텔프랑스 프릴 세미 베개커버 5종,생활용품,null
솜포함 워싱린넨 원형 사각방석,생활용품,null
스너글 초고농축 섬유유연제 스파클링 시트러스 1.5L 2개,생활용품,null
스너글 초고농축 섬유유연제 허거블 코튼 1.5L 2개,생활용품,null
접착 GA 칫솔꽂이 욕실선반 무타공욕실선반 무타공선반 칫솔걸이,생활용품,null
아웃도어 키높이쿠션 트로피칼 여름비치 슬리퍼 LS770,생활용품,null
쓱싹 국산 양면행주 그레이 30x30 7P 초 극세사 빠른흡수 물기제거,생활용품,null
11821 사계절도넛양면방석(SP),생활용품,null
스마일 EVA 욕실화 논슬립 슬리퍼 층간소음방지실내화,생활용품,null
원룸 욕실 아이방 동물 삼총사 소프트 러그 발매트,생활용품,null
미니플 가죽펀칭기 가방끈 허리띠 벨트 구멍 뚫기 펀칭기 원펀치 펀,생활용품,null
두꺼운 높은 메모리폼 사무실 의자 사각방석,생활용품,null
짱구는못말려 수면안대 7종,생활용품,null
일루일루 규조토 발매트(L) 단색 5컬러,생활용품,null
카카오프렌즈 춘식이 손목 쿠션,생활용품,null
춘식이 미니 페이스 쿠션,생활용품,null
랄라 야옹이 롤 티슈 커버 [원형 티슈 케이스],생활용품,null
데이앤데이 와이드 스프레이 밀대걸레,생활용품,null
오토비스 찌든때극세사,생활용품,null
[3M]크린스틱 향기톡톡 리필9입 라벤더 스페셜에디션_(1894960),생활용품,null
슬림 스윙 휴지통 8L/20L,생활용품,null
소소로운-말랑 뽀양이 스냅넥쿠션,생활용품,null
킹콩아울렛 국내배송 SNS핫템 귀 움직이는 토끼 슬리퍼 소음방지 8종,생활용품,null
빨래 바구니 세탁 세탁물 바구니 보관함 수거함 뚜껑 42L,생활용품,null
일본 타니타 아날로그 온습도계 TT-557 / 실내 온도계,생활용품,null
Y 곰 캐릭터 발매트 미끄럼 방지 러그,생활용품,null
블랙앤화이트 꽃모양 방석 의자 등쿠션 반려동물 쇼파 쿠션 2colors,생활용품,null
스위밍걸,생활용품,null
댄싱보이,생활용품,null
엠보 서머 체크 블랭킷_3컬러,생활용품,null
올챌린지 뽑아쓰는 3겹 키친타올 100매 9개입,생활용품,null
두근두근 오리 자수 발매트,생활용품,null
바람막이 현관 가리개 가림막 커튼 BEST 28종,생활용품,null
에이블 욕실 칫솔 수납 정리 홀더 SE,생활용품,null
탁상용 디지털 시계 온도계 습도계 온습도계 DD-10453,생활용품,null
테이블위 원터치 미니휴지통_(235476),생활용품,null
브로스 벨크로 밀대 청소기 2단,생활용품,null
핸드메이드 양면 발매트,생활용품,null
블레오 모던 다이아몬드 블랙 양털 러그 거실 주방 욕실 발매트,생활용품,null
[더블하트] 맑은 젖병세정제 720ml 용기 (액상형),생활용품,null
비비드 60수 고밀도 순면 베개커버 5종,생활용품,null
사무실 의자 원형 방석 푹신한 인테리어 카페 방석 추천,생활용품,null
TS 가드 KF94 새부리형 대형 마스크 코랄핑크 50매,생활용품,null
버터샵 버터패밀리 보들보들 슬리퍼 모음,생활용품,null
규조토 스마일 반달발매트 WG69,생활용품,null
이지케어 버블 단모 러그 워셔블 카페트 4colors 6size,생활용품,null
야옹 고양이 뒷모습 동물 인형 패브릭 쿠션 소파 인테리어소품,생활용품,null
에어프레시 먼지없는 가리개커튼 10종,생활용품,null
모노블 슬림 대용량 반전매력 재활용 분리수거함3P,생활용품,null
폭신폭신 푸숑 워셔블 자수 실내화 2type,생활용품,null
"스누피 컴포트 핏 KF94 새부리형 국산 2D 황사마스크(20매,개별포장)",생활용품,null
내츄럴 워싱 프릴 바란스커튼,생활용품,null
아이언 랩터 원 핸드 오토 플라이어_(762900),생활용품,null
내츄럴 멜란체크 워싱 베개커버,생활용품,null
NEW 린넨 프릴 식탁방석커버,생활용품,null
바디럽 퓨어썸 비밀필터 (샤워기 교체없이 쓰는 필터),생활용품,null
한샘 밀폐가잘되는 음식물 쓰레기통 4L 가정용 수거통,생활용품,null
블루 레터링 자수 타올 실내화,생활용품,null
킹스봉 이지앤클린 위생롤백 일회용비닐 롤타입 위생팩,생활용품,null
뽀글이 푸들 자수 실내화,생활용품,null
골드프레임 규조토 칫솔꽂이 트레이,생활용품,null
허그미 먼지없는 베개커버 8종,생활용품,null
이브정원 피그먼트 베개커버 10종,생활용품,null
그린 린넨 발란스(컬러2종),생활용품,null
블레오 체커보드 방석 체크무늬 뽀글이 양털 방석 메모리폼,생활용품,null
에어프레시 먼지없는 양문형 가리개커튼 10종,생활용품,null
에어데이즈 KF-AD 비말차단 마스크 50매 대형,생활용품,null
1+1★메이딘 9COLOR 순면 트윌 베개커버(50x70),생활용품,null
1+1 빈티지무드 8COLOR 포인트체크 마이크로 베개커버(50x70),생활용품,null
안아줘요 대형 오리 모찌 쿠션 바디필로우 애착 오리인형 4size,생활용품,null
산리오 키티 시나모롤 멜로디 층간 소음방지 구름슬리퍼 실내화,생활용품,null
벽걸이 욕실 주방 화장실 수납장 벽선반 수납 선반,생활용품,null
자석 지우개 보드마카 8색 세트,생활용품,null
아에르 어드밴스드 KF94 보건용마스크 10매입,생활용품,null
담요 쿠션 핸드워머 극세사 귀여운 오리 인형,생활용품,null
[더블하트] 컴포트필 수유패드 60매입,생활용품,null
임페리얼 격자 기하학 패턴 우븐 쿠션커버 네추럴 블랙 45X45,생활용품,null
PAZAX 파작스 휴대용 오렌지약통 10dram,생활용품,null
산리오 캐릭터 인형 샤워볼,생활용품,null
[YARN] 미스티코티타 패브릭얀 클라라얀 - CLARA YARN,생활용품,null
국민마스크 특대형 화이트/블랙 50매,생활용품,null
빅스비 깜찍한 바니토끼 실내화 슬리퍼 신발,생활용품,null
X자 극세사 카페 주방 인테리어 고급 다용도 발매트,생활용품,null
워크프로 타일 및 유리용 고강도 스크래퍼,생활용품,null
편안한 올록볼록 욕실 슬리퍼 실내화 6colors,생활용품,null
산리오 마이멜로디 헬로키티 안전벨트 커버 인형 차량용 목 쿠션,생활용품,null
1+1 바지허리 줄이기 늘리기 수선 밴드형,생활용품,null
꽃모양 커튼 고정홀더 타이백 4color,생활용품,null
카카오프렌즈 춘식이 리본 세안밴드,생활용품,null
타이니탄 손난로 핫팩 10매입,생활용품,null
언제나 새옷처럼 2in1 보풀 먼지 제거기 2color,생활용품,null
베리구즈 화장실정리 욕실용품 목욕바구니,생활용품,null
청년토이 고양이 모찌 바디필로우 긴베게 꿀잠배게,생활용품,null
무무 원터치 미니휴지통 탁상용 틈새 주방 작은 쓰레기통 네모휴지통,생활용품,null
홈 카페 층간소음방지 귀여운 고양이발 슬리퍼 LS410_(1299927),생활용품,null
웰시코기 엉덩이 차량용/사무실 목쿠션/허리쿠션,생활용품,null
노르디코 킨더칫솔 10개 남아용 여아용,생활용품,null
[원단대통령]면 20수 CP싱글 원단/대량가능/옷 제작/천/_(2427971),생활용품,null
[원단대통령]폴리스판 1x1 시보리 원단/대량가능/옷 제_(2427987),생활용품,null
★1+1★ 티쿤 휴대용 스프레이 손소독제 3종세트,생활용품,null
익명이 캐릭터 수면안대 2종 [정품 익명 굿즈 아이마스크 숙면안대],생활용품,null
부착식 304 스테인리스 욕실 비누 받침 선반 2type,생활용품,null
파우치에 쏙 접히는 커플 여행용 기내용 호텔 실내슬리퍼 거실화 2종,생활용품,null
[데코뷰] 디자인 욕실화 모음전,생활용품,null
[더블하트] 젖병 스펀지 브러쉬,생활용품,null
이케아 STAGGSTARR 미끄럼방지 사각방석/의자방석,생활용품,null
접착 GA 수건걸이B1 욕실선반 수건걸이선반 수건선반 무타공선반,생활용품,null
홈구뜨 컬러 비누받침 2종 5색,생활용품,null
국산 구두주걱 받침대 칼라 단품/슈혼 스탠드 구두칼,생활용품,null
[미니언즈] 피규어 칫솔 & 자석 거지대,생활용품,null
메모리폼 사각 방석,생활용품,null
블루 키치 곰돌이 양치컵,생활용품,null
키밍 차량용 탁상용 미니 휴지통 두껑 사무실 책상,생활용품,null
깅엄체크 민트 방수 전자레인지커버,생활용품,null
보리홈 사이잘 셀룰로오즈 6P 양면 생분해 수세미 주방 에코,생활용품,null
반달 미니 빗자루 쓰레받기 세트 책상 쓰레받이,생활용품,null
[주문제작]세면타월송월 아이들여아,생활용품,null
스마일 샤카샤카 양치컵,생활용품,null
라인업 슬리퍼 거실화 사무실 야외 여름 슬리퍼,생활용품,null
몰랑 도어스토퍼,생활용품,null
청소도구 흡착식 대걸레 밀대 봉 걸이 거치대,생활용품,null
"20수 린넨, DIY커트지 (33X47cm) ""음악반 출석부""",생활용품,null
마들렌 리플 키즈 롱쿠션,생활용품,null
스누피 극세사 스판 히어로 프린팅 메모리폼방석_(1317336),생활용품,null
[3M]크린스틱 베이킹소다 변기청소 리필5입_(2049675),생활용품,null
타조깃털 먼지털이(미니),생활용품,null
[주문제작]어린이집네임수건송월 아이들여아,생활용품,null
스위 캔,생활용품,null
[자체제작] 당일출고 와플 발매트 주방매트 미니러그 3종,생활용품,null
논슬립 좌우 구분없는 향균 욕실 슬리퍼 (막힌형) - 국내산 욕실화,생활용품,null
기분좋은선택 강력흡수 극세사 발매트 2종세트(그레이+네이비),생활용품,null
플랫폼 EVA 욕실 슬리퍼 - 가볍고 편안한 욕실화 250mm,생활용품,null
1+1 구디푸디 돌돌이 테이프클리너 롤크리너,생활용품,null
벡셀 알카건전지(AAA14+5),생활용품,null
스테이로스트 파우치 Stay Long Project Pouch - 2size,생활용품,null
TePe 테페 GOOD 혀클리너 Tongue Cleaner (색상랜덤),생활용품,null
무타공 접착식 후크 조리도구걸이 수건걸이 후크고리 모자걸이 주방,생활용품,null
심플 원형오픈 휴지통 10L,생활용품,null
내일의공간 꽃모양 코듀로이 쿠션,생활용품,null
7000 체크토시(SP),생활용품,null
폼폼푸린 큐티댄싱담요70x100 고밀도 극세사 프란넬,생활용품,null
[특가 DEAL] F/W 장단모 러그 3종 모음,생활용품,null
캠핑 여행 세면도구 귀여운 휴대용 케이스 칫솔통 세트 양치컵,생활용품,null
빨래바구니 이지바스 코튼 캔버스 세탁바구니 빨래통,생활용품,null
러브타이포 자수 티슈케이스,생활용품,null
[MURMUR] 타월/미니멀,생활용품,null
스마일 아이방 원형러그 미니카페트  3size,생활용품,null
아기 침받이 젤라또 턱받이 출산 돌 선물세트,생활용품,null
러블리 스트로베리 EVA 슬리퍼 실내화 거실화,생활용품,null
뉴트로 디자인 롤 휴지 각티슈 냅킨 보관함 케이스,생활용품,null
구디푸디 빈티지 엔틱 북유럽 디자인 욕실 화장실 극세사 발매트,생활용품,null
다용도 먼지제거 브러쉬 (대형) 옷솔 보푸라기제거,생활용품,null
내츄럴코튼 전자렌지커버(컬러4종),생활용품,null
[국산] 이중포장/당일발송 3중 MB 필터 일회용 마스크 50매,생활용품,null
인싸템 슬픈 개구리 페페 수면 안대,생활용품,null
"핸드 스퀴지 거울 청소, 물기제거 (2컬러)",생활용품,null
예꼬맘 유아 치실 하드케이스 5팩,생활용품,null
물빠짐 미끄럼방지 가벼운 안전욕실화 슬리퍼 Unique_(882415),생활용품,null
[DIY]대롱대롱 원숭이군 만들기,생활용품,null
히말라야 핑크솔트 담은치약 플로럴 100g_Nex,생활용품,null
미니 거북이 인형 키링,생활용품,null
공간 분위기 UP 화장지 케이스 4color CH1956600,생활용품,null
대용량 치즈 커팅기 버터 소분 슬라이스 소분기 K217,생활용품,null
[삼쩜오] 탄소중립 설거지바 만들기 / 교육용 100g 1개분량,생활용품,null
헬로키티 샤워타올4584,생활용품,null
미니멀 구름 스퀴져청소1개(색상 택1),생활용품,null
슬림 틈새원터치 휴지통 10L 4colors,생활용품,null
구디푸디 원터치 미니 휴지통 쓰레기통 화장대 책상 테이블,생활용품,null
스누피 굿나잇 사각 빵빵이방석,생활용품,null
구디푸디 스마일 반달 발매트 럭키데이 욕실 매트,생활용품,null
인디언 패턴 우븐 쿠션커버 블랙 화이트 45X45,생활용품,null
임페리얼 격자 기하학 패턴 우븐 쿠션커버 로열네이비 45X45,생활용품,null
사우스 웨스트 우븐 쿠션커버 네추럴 블랙 50X50,생활용품,null
카카오 샤워타올 라이언(연그레이)1842,생활용품,null
BTS 마이크드롭 일회용밴드 10매입,생활용품,null
핸드워시 2종세트 300ml (플라워코튼향+무향),생활용품,null
물빠짐 욕실안전 미끄럼방지 키높이 와플슬리퍼 LS460_(1342382),생활용품,null
모던 싱글 스트랩 다용도 목욕 바스켓,생활용품,null
플라워 면 마스크 스트랩_4컬러,생활용품,null
지티바스 강력분사 녹물제거 GT-100 필터샤워기+리필필터1개,생활용품,null
해피 스마일 욕실화,생활용품,null
내츄럴 워싱 티슈케이스,생활용품,null
미니 자수 패치 와펜,생활용품,null
버블아이 EVA 물빠짐 욕실화,생활용품,null
(1+1) 빈티지 미니 탁상용 쓰레기통 휴지통 냉동실 음식물쓰레기통,생활용품,null
[ABC생활] 공룡 세탁 브러쉬 실리콘 다용도 빨래솔 1+1,생활용품,null
"[FLOPY] 선물로 너무 좋은, 타월북 클래식",생활용품,null
쿠션솜/방석솜,생활용품,null
타월북 클래식 6colors,생활용품,null
스누피 컴포트 핏 2D 새부리형 국내생산 MB필터 컬러마스크(5매),생활용품,null
따뜻하고 귀여운 털슬리퍼 모음 ♥,생활용품,null
마리베어 이중거즈 키친크로스 손수건 곰돌이 주방타올,생활용품,null
미니 데이지꽃 컵케익 자수 패치 와펜,생활용품,null
촬영용배경천 대폭 20수 퓨어 스노우 화이트 1064,생활용품,null
에이블 운동화 스웨이드 신발 지우개 클리너 세무 관리,생활용품,null
강력한 매트고정 실리콘 양면 테이프-두께 2mm,생활용품,null
반짝이 데이지 레인보우 자수 패치 와펜,생활용품,null
송월타올 40수 코마사 핑크로제 호텔수건 170g 1장,생활용품,null
새부리형 저자극 중대형 컬러 숨이원 마스크 KF94 낱개,생활용품,null
홈기숙사 층간소음방지 보온쿠션 큐트양말슬리퍼LS620,생활용품,null
베리구즈 신발세탁 운동화솔 세척솔 청소 브러쉬,생활용품,null
송월 호텔수건 40수 시그니처 1장,생활용품,null
10개 묶음 초강력 논슬립 투명 양면 접착패드,생활용품,null
빨강머리앤 썸머패치,생활용품,null
세안밴드 세안 헤어밴드 손목밴드 세트,생활용품,null
고래모양 밀대걸레 고정 꽂이 1구,생활용품,null
케어베어 샤워타월1381,생활용품,null
[핑크풋]당근청소세트,생활용품,null
가정용 반짇고리함 바느질세트 실 바늘세트,생활용품,null
파스텔 물빠짐 배수 실리콘 비누받침대 4color,생활용품,null
[주문제작]어린이집네임수건 헬로디노,생활용품,null
수면안대,생활용품,null
디아르 욕실 세면대 실리콘 물빠짐 비누받침대 비누거치대,생활용품,null
뽀글이 애니멀 자수 패치 와펜(7종),생활용품,null
해피스마일 바디케어 샤워타올,생활용품,null
빈티지 플라워 마스크 스트랩_3컬러,생활용품,null
원더원 FORHIP 쿠션 방석,생활용품,null
산리오 캐릭터 마스크 스트랩,생활용품,null
핸드 스퀴지 유리닦이 욕실 바닥 물기제거 유리창 청소도구,생활용품,null
스마일 후크 접착 고리(3개 세트),생활용품,null
송월 스윗하트 하니 100g 고급면 20수,생활용품,null
테페 2단 미세모 칫솔 Supreme (색상랜덤),생활용품,null
언제어디서나 깨끗이 휴대용 종이비누 50매_(2336421),생활용품,null
코쿠보 미니 빗자루 세트 틈새청소 키보드 책상청소브러쉬,생활용품,null
[Crochet 부자재] 미스티코티타 코바늘 8호_(2780843),생활용품,null
미니 빗자루 세트 1P (2color)_(1423484),생활용품,null
[주문제작]어린이집네임수건송월 아이들남아,생활용품,null
규조토 칫솔꽂이 칫솔거치대,생활용품,null
모닝글로리 손톱깎이,생활용품,null
짱구 청소도구세트(색상랜덤)_Nex,생활용품,null
토네이도 샤워기 헤드 수압상승 수압조절 P019,생활용품,null
왕쿠션물빠짐층간소음슬리퍼,생활용품,null
플라스틱 칫솔꽂이 양치컵,생활용품,null
모던 소음방지 문충돌방지 실리콘 도어가드,생활용품,null
초강력 치약짜개 욕실용품 튜브링거 치약 디스펜서,생활용품,null
케어베어 미니양치컵2P 1404,생활용품,null
케어베어 흡착다용도통(소)1411,생활용품,null
BTS 다이너마이트 일회용밴드 10매입,생활용품,null
구디푸디 소프트 빨래 바구니 세탁 빨래통,생활용품,null
무형광 이불 세탁망,생활용품,null
베리구즈 화장실 청소솔 슬림 틈새브러쉬,생활용품,null
화장실 롤케이스 벽걸이 무타공 선반,생활용품,null
여행용 휴대용 칫솔통 칫솔케이스 HM0152,생활용품,null
어몽어스 치카컵랜덤C27835,생활용품,null
‘Fire’ 라이터,생활용품,null
로맨틱 레이스협탁보 빈티지 미니 협탁보 가리개 2size,생활용품,null
[주문제작]어린이집네임수건스마일,생활용품,null
욕실 바닥 청소솔 세탁솔 다용도 핸디 브러쉬,생활용품,null
욕실 바닥 청소솔 세탁솔 다용도 브러쉬 (고래),생활용품,null
코튼알리오 고급호텔수건 클래식 30수 150g 국내생산,생활용품,null
인블룸 파스텔 다용도 욕실화 슬리퍼_(3285922),생활용품,null
쿨앳홈 늘어나는 휴대용 길이조절 닭발 효자손_(1315395),생활용품,null
4중필터 국내 퓨리엔 KF94 마스크 대형 화이트 10매_(602844714),생활용품,null
스누피 키친 스펀지,생활용품,null
갓샵 알약 커팅기 절단기 [알약쪼개기 자르기 커터기 갈기 분쇄기],생활용품,null
샤워캡_(28619),생활용품,null
욕실 헬스장 목욕탕 심플 휴대 여행용 비누 케이스_(1069583),생활용품,null
욕실 학교 오피스 깨지지않는 듀얼컬러 파스텔 양치컵_(1065320),생활용품,null
욕실 공간활용 세숫대야 무타공 다용도 3단 후크걸이_(826665),생활용품,null
아가드 안전 잠금이 슬림밴드 2입,생활용품,null
심플 레몬 욕실용기(단품 선택형),생활용품,null
고급 군용 핫팩 보온대 미니 파스형 발 찜질팩 판촉 발핫팩 손편지핫,생활용품,null
화장실 욕실 변기솔 청소솔 틈새 세척 P006,생활용품,null
동물 물컵 칫솔 케이스 치솔 치약 보관통 휴대용 여행용 양치컵 양치,생활용품,null
수세미 고리수건_(24916),생활용품,null
"[Crochet 부자재] 미스티코티타 돗바늘 - 대,중,소_(2827452)",생활용품,null
[리빙프로젝트] 욕실 수납걸이,생활용품,null
비숑의 주말 터프팅 발매트 논슬립 인테리어 미니 러그 75X60,생활용품,null
"에탄올 70%, 때가솔 안티코로 손소독제 200ML",생활용품,null
아카이브 알러지케어 M2 베개커버 10종,생활용품,null
통굽 왕눈이 개구리 린넨 슬리퍼 폭신폭신 실내화 거실화,생활용품,null
시그니처 고밀도 순면 솔리드 누빔매트리스커버 9colors,생활용품,null
[스카이폴리오] 구름 러그,생활용품,null
검은콩 강아지 극세사 털슬리퍼 겨울 털실내화 2colors,생활용품,null
[한샘윈도우][BASIC] 맞춤_콤비_퓨어솔리드,생활용품,null
산리오 시나모롤 마이멜로디 가을 실내화 거실화 소음방지 털 슬리퍼,생활용품,null
5g 작은 투명 공병 빈통 small 소분 분배 용기,생활용품,null
곰돌이 자수 전자레인지커버 2color,생활용품,null
[한샘윈도우][PREMIUM] 맞춤_우드 블라인드,생활용품,null
퓨어바이오 이불커버 단품 및 세트 SS/Q/K,생활용품,null
버블폼 항균 고정밴드 침대패드(SS/Q/K) 6종,생활용품,null
아에르 프로 컬러마스크 8종,생활용품,null
[한샘윈도우][PREMIUM] 맞춤_콤비 블라인드,생활용품,null
커튼집게링 4color,생활용품,null
머쉬멜로우 알러지케어 M2워셔 베개커버 6종,생활용품,null
[국내배송] 물놀이추천! 실내/야외/욕실 구름 슬리퍼 상어신발,생활용품,null
아에르 스탠다드 라이트핏 KF94 보건용마스크 10매입,생활용품,null
영이의숲-꽃카 털슬리퍼,생활용품,null
프렌치 레터링 메모리폼 주방 발매트,생활용품,null
리드앤코 빨아쓰는 캘리포니아 규조토 쿠션 발매트 Ver.2 중형,생활용품,null
스윗 멀티 체크 베개커버,생활용품,null
Brunch Brother 쉐입 발매트 ver.2,생활용품,null
미니멀 스트라이프 순면 이불커버 단품 및 세트 SS/Q/K/EK,생활용품,null
NO 타공 튼튼 압축봉 70-120,생활용품,null
[봄컬러 신상출시] 인디체크 순면 이불커버 단품 세트 (SS/Q/K/EK),생활용품,null
클린 순면 60수 이불커버 단품 세트 (SS/Q/K),생활용품,null
에어프레시 먼지없는 이불커버(SS/Q/K) 12종,생활용품,null
메이딘 3COLOR 순면 트윌 프릴홑겹이불커버(SS)(Q),생활용품,null
도즈 60수 고밀도순면 이불커버(SS/Q/K) 10종,생활용품,null
호텔식 몬트리 순면 워싱 이불커버(단품&세트),생활용품,null
멜란체크 층간소음 슬리퍼,생활용품,null
[한샘윈도우][PREMIUM] 맞춤_트리플 블라인드,생활용품,null
노더스트 스윗 이불커버 (SS/Q) 5color,생활용품,null
순면 피그먼트 밴딩 베개커버(40x60/50x70),생활용품,null
쏘큐트 애니멀 미니 소파 곰돌이 좌식방석 등받이 쿠션 6types,생활용품,null
나만 고양이 없어? 귀여운 고양이 슬리퍼/발매트 모음,생활용품,null
더블리 멜리나 워싱 소프트마이크로 밴딩 침대패드 4size,생활용품,null
[OYOY] 레인보우 러그 (택1),생활용품,null
파스텔 무지 방석 커버 50x50 8color,생활용품,null
아카이브 알러지케어 M2워셔 차렵이불(SS/Q/K),생활용품,null
미니 로지 옐로우 플라워 베개커버,생활용품,null
반려동물과 함께 쓰는 알러지케어 나란히 베개커버,생활용품,null
Romane 호텔수건,생활용품,null
라이프앤피시스 인테리어 러그 S (3종),생활용품,null
베스트 패드/매트리스커버 모음전,생활용품,null
나이스 소프트 발매트,생활용품,null
밀레마 피코 더스터 먼지떨이 롱핸들1P+리필23P 세트,생활용품,null
NO 타공 튼튼 압축봉 113-208,생활용품,null
가드 M2 알러지케어 베개커버 6종,생활용품,null
믹스매치 메이딘 순면 트윌 이불커버(단품&세트),생활용품,null
아에르 KF80 어드밴스드 라이트핏 자외선차단 마스크 10매입,생활용품,null
올챌린지 에어데이즈 KF94 황사 마스크 50매,생활용품,null
[한샘윈도우][BASIC] 맞춤_암막 롤스크린,생활용품,null
[한샘윈도우][PREMIUM] 맞춤_암막 롤스크린,생활용품,null
[특가]유럽형 무소음 컬러 페달휴지통 5L/종량제10L/20L,생활용품,null
밀레마 피코 먼지떨이 롱핸들 + 리필 10매 (롱핸들1P+리필13P) 세트,생활용품,null
밀레마 피코 먼지떨이 숏핸들 + 리필 10매 (숏핸들1P+리필13P) 세트,생활용품,null
산리오 미니소 토끼 인형 2023 신년 신춘 새해 토끼해,생활용품,null
[LEC] 접착식 3단 샤워타올걸이 욕실 수건거치대 [B-334],생활용품,null
데이라이프 드림 러그 (아이보리),생활용품,null
체커보드 어글리웨이브 뭉툭 탁상거울 43x34cm,생활용품,null
[스카이폴리오] 흰구름 슬리퍼 (룸슈즈),생활용품,null
해리포터 무릎담요 - 벌스데이,생활용품,null
올챌린지 뽑아쓰는 각티슈 미용티슈 150매 9개입,생활용품,null
더블리 멜리나 소프트마이크로 워싱 매트리스커버 2size 8colors,생활용품,null
마이멜로디 로즈 무릎담요(버튼형),생활용품,null
테리 타올 Enamel Pink,생활용품,null
춘식이 미니 페이스 쿠션_멘붕,생활용품,null
극세사 꽃 메모리폼 방석 반려동물 쿠션 의자 등쿠션,생활용품,null
귀여운 판다 캐릭터 화장실 침대 주방 러그 쿠션 발매트,생활용품,null
테리파머 175g 스페셜 자수 호텔수건 7장 (리본선물포장),생활용품,null
"[컨티뉴] 쌀쌀한 날씨엔, 감성 벨보아 이중원단 무릎담요",생활용품,null
사각 방석 솜(50X50),생활용품,null
피너츠 스누피 원터치 쓰레기통 사무실 휴지통,생활용품,null
[S급리퍼]고밀도 러블리 27mm 장모 러그 카페트 원형 4colors 3size,생활용품,null
[마녀배달부 키키] 슬리퍼(키키와지지리본RED),생활용품,null
빈티지 레트로 하트 LP  물세탁 워셔블 러그 발매트,생활용품,null
리드앤코 규조토 욕실용품 사각트레이 2인 멀티세트 - 화이트,생활용품,null
타월북 클래식 [비밀의화원],생활용품,null
멍멍이 자카드 발매트,생활용품,null
파도 쉬폰커튼 패브릭포스터 3size,생활용품,null
22년 신상 커튼 모음(작은창/현관커튼),생활용품,null
제로웨이스트 줍깅 쓰줍 클린하이킹 플로깅키트,생활용품,null
군용핫팩 마이핫보온대 160g (10개입),생활용품,null
선데이모닝 순면 사계절 차렵이불 단품 및 세트 SS/Q/K/EK,생활용품,null
모달프렌치 순면 이불커버 단품 세트 (SS/Q/K/EK),생활용품,null
호텔식 스탠드 원목 욕실 수납함 빨래바구니,생활용품,null
마이 버디 발매트 01-03,생활용품,null
디저트 먼지없는 베개커버 8종,생활용품,null
벨로코 국내생산 향균 극세사 경추 베개솜 1+1 모음,생활용품,null
에어퀸 나노마스크 10P/화이트,생활용품,null
자가드 프리미엄 주방매트(45X120) 11종,생활용품,null
[한샘윈도우][BASIC] 맞춤_롤스크린,생활용품,null
메이딘 8COLOR 순면 트윌 누빔매트커버(SS)(Q),생활용품,null
국산 덴탈형 KF94 마스크 60매입 대형 흰색 개별포장,생활용품,null
[미니멀룸] 쫀득 찹쌀떡 포근 침구 담요 외 1일 특가!,생활용품,null
아에르 KF80 어드밴스드 라이트핏 마스크 50매입 벌크,생활용품,null
순면 워너비 피그먼트 베개커버 2장(30x50/40x60/50x70),생활용품,null
리틀띵스 발매트 (4종),생활용품,null
태림케어 KF94 아동 어린이 새부리형 컬러마스크 1매,생활용품,null
굿매너 황사방역용 키즈 어린이 소형 KF94 마스크 100매,생활용품,null
히트템 레드 포켓용 핫팩 1+1 (20개입 x 2),생활용품,null
USB충전방식 무선 휴대용 칫솔살균기 이클리너,생활용품,null
[히트템]문라이트 에디션 (3종),생활용품,null
[1+1] 노르딕솔리드 작은창 암막커튼 7colors,생활용품,null
커튼 집게링,생활용품,null
감성 북유럽 발매트 인테리어 러그 욕실 주방 모던,생활용품,null
미뉴 패브릭 포스터 겸용 극세사 감성 블랭킷 100x150,생활용품,null
ZIPAN 파스텔 룸 슬리퍼 층간소음 슬리퍼 실내화 거실화 임산부 산후,생활용품,null
[스카이폴리오] 구름 썸머 블랭킷 (리뉴얼ver.),생활용품,null
피핀내츄럴플라워+디망쉬솔리드 긴창 암막커튼 2장,생활용품,null
[네이쳐리빙] 프레망 / 피아블 항균 방수 매트리스커버,생활용품,null
DONATDONAT 베어 트래블 공병 세트,생활용품,null
선셋 생활방수 디자인 러그,생활용품,null
소소로운-러블리캣 극세사 담요,생활용품,null
체커보드 입학 신학기선물 3종 세트 담요 필통 슬리퍼 2colors,생활용품,null
[담요/가습기/텀블러] 에스더버니와 함께하는 러블리한 하루,생활용품,null
스트라이프 토퍼형 쇼파패드,생활용품,null
인테리어 포인트 미니 소프트 러그 매트 (2종),생활용품,null
쿠로미 마이멜로디 산리오 인형 쿠션 [2종 귀여운 캐릭터 얼굴 애착],생활용품,null
큐트 애니멀 발매트 (5type),생활용품,null
[스카이폴리오] 구름쿠션,생활용품,null
폼폼푸린 인형 슬리퍼(수입) 260mm,생활용품,null
미피드림 옐로우 60수 아사면 차렵이불 (SS/Q),생활용품,null
[벨라이프] 크리스마스부터 데일리까지 쿠션커버 모음,생활용품,null
귀여운 바나나 USB충전 보조배터리겸 손난로,생활용품,null
러브위드 고양이 강아지 발매트 러그 카페트 2종,생활용품,null
항균 베이직 단모 러그 워셔블 카페트 원형 4colors 3size,생활용품,null
송월 조이풀 스누피 세면타월 1장,생활용품,null
럭셔리 세라믹 디자인 욕실 치약/칫솔꽂이,생활용품,null
세라믹 치즈 디자인 인테리어 티슈 케이스 오브제,생활용품,null
고밀도워싱 파우더 베개커버(40x60/50x70) 2장,생활용품,null
세이 워셔블 단모러그 거실 러그 식탁 레트로 카페트 4컬러 국내산,생활용품,null
먼지없는 북유럽러그 거실 침실 대형 카페트 인테리어 포인트 러그,생활용품,null
DONATDONAT 퍼 슬리퍼,생활용품,null
[OYOY] 애니멀 페이스 러그 (택1),생활용품,null
토끼 후드 망토담요(핑크) (150x125cm),생활용품,null
[OYOY] 교토 쿠션 롱 (택1),생활용품,null
리틀띵스 발매트 v.2 (4종),생활용품,null
여성용 남성용 깔창 핫팩 1쌍,생활용품,null
곰돌이 러그 장모러그 거실 인테리어 카페트 2size,생활용품,null
CUSHION_HWM_STAR,생활용품,null
TISSUE COVER_HWM_BLUE,생활용품,null
블레오 러시안블루 고양이 층간 소음 방지 털 슬리퍼 거실 실내화,생활용품,null
스너글 섬유탈취제 스파클링 시트러스 150ml 3개,생활용품,null
스너글 초고농축 섬유유연제 스파클링 시트러스 1.8L 2개,생활용품,null
스너글 초고농축 섬유유연제 허거블 코튼 1.8L + 1.5L,생활용품,null
컬러랜드 세미마이크로 매트리스커버 단품 SS/Q,생활용품,null
8번 당구공 원형 발매트 현관 욕실 매트 미니 러그(60X60),생활용품,null
스너글 햇빛건조 섬유유연제 허거블 선샤인 4L 2개,생활용품,null
국내 생산 목 어깨 붙이는 핫팩 찜질팩,생활용품,null
디즈니 미키마우스 여행 캠핑 다용도 캐릭터 무릎 담요,생활용품,null
로지 크로쉐 레이스커튼 2size,생활용품,null
빈티지로즈커튼 2type 3size,생활용품,null
짱구 디저트타임 블랭킷 흰둥이 70 x 110cm 담요,생활용품,null
블레오 사무실 캐릭터 오리 의자 방석 쿠션,생활용품,null
"♥데코뷰♥ 따뜻하게, 분위기 반전! 커튼 모음전",생활용품,null
[MURMUR] 바스로브 / 미니멀 2colors,생활용품,null
쿠키 곰돌이 통굽 슬리퍼 사무실 실내화 층간소음방지 거실화,생활용품,null
Little PaPer 가림막 커튼,생활용품,null
소프트 리본 PVC 플립플랍 쪼리 슬리퍼,생활용품,null
송월타올 스누피 피너츠 40수 180g 3매 선물세트,생활용품,null
스위스 라우터브루넨 커튼 2ver 3size,생활용품,null
도라에몽 일회용밴드 10매입,생활용품,null
타월북 클래식 [데미안],생활용품,null
타월북 클래식 [노인과바다],생활용품,null
베리페리 쿠션커버 5type,생활용품,null
깃든 버진화이바 항균 베개솜 3size,생활용품,null
(봄신상) 어글리 샌들 슬리퍼 실내화 아쿠아슈즈 실외화 신발,생활용품,null
깔끔하고 모던한 디자인의 회전형 탁상용 미니 휴지통,생활용품,null
리본 자동차 사무실 허리 쿠션 등받이 목쿠션 패브릭,생활용품,null
라일락 플라워 테이블보 식탁매트 협탁 캠핑 2size,생활용품,null
로맨틱 테이블보 인테리어 식탁보 협탁 색감 인스타 감성,생활용품,null
[텐텐단독] THINGS 스마일리 패브릭 포스터 바란스 1000x1350mm,생활용품,null
체커보드 하트 EVA 슬리퍼,생활용품,null
사그락 고밀도 바이오워싱 누빔 침대스커트 (SS/Q) 8colors,생활용품,null
빨강머리앤 린넨 작은창커튼,생활용품,null
미피 알러지케어 먼지없는 차렵이불 침구세트 6colors,생활용품,null
[사은품]바디럽 바스락이불 풀세트(S/Q/K) 호텔 양면이불,생활용품,null
산리오 캐릭터 입체 털 슬리퍼(4종),생활용품,null
귀여운 기린 슬리퍼 퍼 실내화 동물 슬리퍼,생활용품,null
산리오 노렌-쿠로미&마이멜로디,생활용품,null
스누피 컴포트 핏 3D형 국내생산 MB필터 컬러마스크 대형(5매),생활용품,null
반원 일러스트 발매트 러그 (9type),생활용품,null
포근한 곰돌이 2중 양면 극세사 뽀글이 겨울 무릎 담요 3종,생활용품,null
[클레버 조이] 해피아워 라이터,생활용품,null
프레망 항균 방수 매트리스커버(S),생활용품,null
빌리브 먼지없는 알러지케어 차렵이불 단품 및 세트 SS/Q/K,생활용품,null
토파즈 고밀도 순면 60수 차렵이불 단품 및 세트 SS/Q/K/EK,생활용품,null
모달 와플 항균 면 러그 먼지없는 카페트,생활용품,null
메이스 미끄럼방지매트 욕실 화장실 건식 바닥 발판 고무 깔판 패드,생활용품,null
[마녀배달부 키키] 카페커튼(지지산책),생활용품,null
basic book cover,생활용품,null
밀크티 방석[솜포함],생활용품,null
진짜 돈방석 [부모님 생신 돈 현금 용돈 선물 화환 어버이날 이벤트],생활용품,null
마이핫 보온대 (30개),생활용품,null
무타공압축커튼봉,생활용품,null
노르딕솔리드 작은창 암막커튼,생활용품,null
[이웃집 토토로] 토토로 미니타올(사계절),생활용품,null
내츄럴 광목 워싱 매트리스커버,생활용품,null
더진심 테라피 패드 : 복부 현미찜질팩,생활용품,null
뽀글이 자수 패치 와펜,생활용품,null
[스테리] 벨라 극세사 양털 블랭킷,생활용품,null
[NPE 정품 컬러 대나무 칫솔] 부드러운 미세모 색상랜덤,생활용품,null
라이트 샤워가운,생활용품,null
[바스클립] 유럽수입 라탄디자인 대용량 빨래바구니 60L,생활용품,null
크래프트홀릭 보더 랩 S 사이즈 토끼 애착인형,생활용품,null
피아블 방수 베개/매트리스 커버 모음,생활용품,null
국내산 순면 트윌 이불커버(단품&세트),생활용품,null
메이딘 8COLOR 순면 트윌 홑겹매트커버(SS)(Q)(K),생활용품,null
[deilive] 호텔 룸 티슈케이스,생활용품,null
시크 워싱 매트리스커버 (택1),생활용품,null
머스트샵 선풍기안전망 선풍기망 보호망 안전커버 덮개_핑크,생활용품,null
[Sanrio] 산리오 마이멜로디&쿠로미 핫팩 세트 (20매),생활용품,null
"히트템 레드 포켓용 핫팩 (20개입) 1+1+1, 총60개",생활용품,null
국산 덴탈형 KF94 마스크 중형 60매입 개별포장,생활용품,null
[핑크풋]꼬망따뜻한핫팩(랜덤발송),생활용품,null
자이언트얀 빅얀 벨벳 망고실 가방 실 뜨개실 (베이직 1kg),생활용품,null
일회용 실내 슬리퍼/부직포 실내용 백색,생활용품,null
오솔라이트 인솔 오픈셀폼 깔창 국산 ortholite,생활용품,null
펠트 복주머니 만들기2-B,생활용품,null
[미니언즈] 썸머패치 24매입,생활용품,null
아이바나리 KFAD 김태희 컬러 마스크 1매포장 10개,생활용품,null
아에르 스탠다드 라이트핏 KF94 보건용마스크 50매 벌크,생활용품,null
2D새부리형 KF94마스크 굿매너컬러 중형 대형 50매,생활용품,null
제로웨이스트 커피찌거기 업사이클링 DIY 약산성 샴푸바 만들기,생활용품,null
살림의발견 엔틱 원목 가정용 반짓고리 반짇고리 대형 16종 세트,생활용품,null
독일 프로쉬 New 양면 클리닝 스펀지 (수세미),생활용품,null
에이원 황사 방역 마스크 KF94 대형 1매 개별 포장,생활용품,null
선샤인 스마일 소프트 발매트,생활용품,null
aer[공식판매원] 아에르 프로 컬러마스크 라일락퍼플 10매,생활용품,null
aer[공식판매원] 아에르 프로 컬러마스크 그레이 10매,생활용품,null
송월 딥컬러 미니 핸드 수건 고급 면 30수,생활용품,null
송월 솔리드 미니 핸드 수건 고급 면 30수,생활용품,null
송월타올 얇은수건 데일리32,생활용품,null
송월타올 얇은수건 데일리32,생활용품,null
송월 스누피 리버 140g 고급면 30수,생활용품,null
디얼리빙 Y형 접이식 빨래건조대 대형,생활용품,null
[무료배송] WP워터쉴드 방수매트리스커버 (5color),생활용품,null
Romane 발매트_basic type,생활용품,null
프리미엄 부직포 지퍼형 선풍기커버-블랙도트,생활용품,null
[6개월 세트] 바디럽 퓨어썸 필터 샤워기+퓨어필터1box(3p),생활용품,null
화이트 압축봉,생활용품,null
[1+1] 노르딕솔리드 긴창 암막커튼 7colors,생활용품,null
TE 휴대용 올인원 칫솔 4P세트 트레블이지,생활용품,null
화이트 쉬폰 나비주름 커튼,생활용품,null
짱구 슬리핑 메모리폼베개,생활용품,null
짱구 토끼인형 낮잠쿠션,생활용품,null
[Fabric] 스트로베리 플라워 린넨 Strawberry Flower Linen,생활용품,null
마이멜로디 슬리퍼 [사이드],생활용품,null
베어앤클락 무봉제 체온조절 이불 베개세트(SS/Q),생활용품,null
USB손난로 손난로 핫팩 충전식손난로,생활용품,null
1초완성 수납바구니 접이식 세탁바구니 다용도 바구니 접이식 빨래바,생활용품,null
[키울랩] 화분영양제 식물살충제 4종 모음 택1,생활용품,null
[키울랩] 식물관리제 4P 선물세트,생활용품,null
힐타임 고양이 모양 냥냥이 마스크 25매입,생활용품,null
국내제작 친환경 마이크로 화이바 네오필 베개솜 50x70,생활용품,null
국내제작 친환경 마이크로 화이바 네오필 경추 베개솜 50x70,생활용품,null
깅엄체크 광목 바디필로우 원형 롱쿠션,생활용품,null
레오폴드 헤이든 풀 스테인레스 스틸 돔 스텐찜기,생활용품,null
킹콩아울렛 플라워폼 꽃모양거품 핸드워시 핸드솝 손세정제,생활용품,null
빈티지 하트 레코드 러그 사계절 방수,생활용품,null
"[스칸디앤홈] 포근하고 뽀송한, 발매트",생활용품,null
알루미늄 튜브 치약 물감 짜개,생활용품,null
로엘 루미너스 라이오셀 간절기 스프레드 싱글(S)옵션세트 송화침장,생활용품,null
빛차단 암막커튼 유얼매직포레스트 130X230cm 디지털프린팅 긴창커튼,생활용품,null
빛차단 암막커튼 그린인디언 130X230cm 디지털프린팅 긴창커튼 현관,생활용품,null
빛차단 3중 암막커튼 북유럽신사 레드 140X230cm 디지털프린팅 긴창,생활용품,null
빛차단 암막커튼 유얼매직빌리지 130X230cm 디지털프린팅 긴창커튼,생활용품,null
빛차단 3중 암막커튼 북유럽별패치 블루 140X230cm 디지털프린팅 긴,생활용품,null
스텐 무타공 칫솔꽂이 치약 면도기 거치대 홀더,생활용품,null
양털 플레인 사각방석 국내제작,생활용품,null
[스카이폴리오] 구름 썸머 블랭킷 (2배사이즈),생활용품,null
크래커 치약 튜브 클립 욕실 용품,생활용품,null
러브위드 감성 레터링 발매트 3종,생활용품,null
짱구 라인쿠션 흰둥이 캐릭터 쿠션인형,생활용품,null
짱구 미니 휴지통 액션가면 인테리어 책상 사무실 쓰레기통,생활용품,null
1+1 두줄 스트랩 슬리퍼 층간소음방지 실내화 EVA 사무실 구름슬리퍼,생활용품,null
클로 빨아쓰는 논슬립 캐릭터 욕실 주방 발매트,생활용품,null
[플랫화이트]모던솔리드 알러지케어 진드기방지 향균 소파쿠션,생활용품,null
카페트 애견 강아지 미끄럼방지 층간소음 퍼즐 매트,생활용품,null
퓨어썸 샤워기+컬러 샤워기 커버 7컬러 택1,생활용품,null
퓨어썸 샤워기+컬러 샤워기커버+컬러 샤워호스 1.5M/2M,생활용품,null
퓨어썸 컬러 샤워기 커버 7컬러 2개 세트,생활용품,null
퓨어썸 여행용 샤워기 풀세트(샤워기+퓨어필터+미니비타필터),생활용품,null
산리오 캐릭터 스케이터 쿠로미 어린이 샤워 타월 캡,생활용품,null
한샘 뱀부 빨래바구니 대나무 햄퍼 1칸 다용도 수납 협탁 테이블,생활용품,null
한샘 뱀부 빨래바구니 대나무 햄퍼 2칸 다용도 수납 협탁 테이블,생활용품,null
스퀘어 라인 워셔블 스트라이프 사계절 식탁 거실 러그,생활용품,null
산리오 양치컵_마이멜로디(H947672)*,생활용품,null
"쉬폰 패브릭 천 포스터 바란스 Father and daughter, Louis",생활용품,null
"쉬폰 패브릭 천 포스터 바란스 Bondi on sunday, Louis",생활용품,null
콘 3COLOR 고밀도 순면60수 피그먼트 워싱 베개커버(50X70cm),생활용품,null
리버시블 피그먼트 워싱면 60수 인지오솜 콘 차렵이불(단품&세트),생활용품,null
올케이 스텐드형 기저귀 휴지통 29L,생활용품,null
스테이 생활방수 사계절 러그 카페트,생활용품,null
캔버스 생활방수 디자인 인테리어 러그 카페트,생활용품,null
스누피 러블리 발매트,생활용품,null
숨 물티슈 캡형 100매 20팩,생활용품,null
말발굽 원터치 도어스토퍼 무타공 아크릴 접착판,생활용품,null
촉감발달 아기인형 안고자는 애착인형 인테리어인형,생활용품,null
파스텔 미니 휴지통,생활용품,null
[자체제작] 당일출고 피너츠 발매트 주방매트 미니러그 반달,생활용품,null
노더스트 스윗 베개커버 5color,생활용품,null
